ARG_ID,MGE_ID,MGE_Group,Donor,Pre,Post,PatientCount
AAC3,gene:plasmid:118521,likely IS/TE,0,1,1,2
AAC3,gene:plasmid:14302,likely IS/TE,0,0,1,1
AAC3,gene:plasmid:14303,plasmid,0,0,1,1
AAC3,gene:plasmid:14304,plasmid,0,0,1,1
AAC3,gene:plasmid:148233,plasmid,0,1,1,2
AAC3,gene:plasmid:148234,likely IS/TE,0,0,1,1
AAC3,gene:plasmid:148234,likely IS/TE,0,1,0,1
AAC3,gene:plasmid:158830,plasmid,0,0,1,1
AAC3,gene:plasmid:84283,likely IS/TE,0,0,1,1
AAC3,gene:plasmid:84283,likely IS/TE,0,1,0,1
AAC6-PRIME,gene:plasmid:136912,plasmid,1,0,3,1
AAC6-PRIME,gene:plasmid:15542,plasmid,1,0,3,1
AAC6-PRIME,gene:plasmid:15547,likely IS/TE,1,0,3,1
AAC6-PRIME,gene:plasmid:17458,likely IS/TE,0,0,1,1
AAC6-PRIME,gene:plasmid:28968,plasmid,1,0,3,1
AAC6-PRIME,gene:plasmid:97769,plasmid,0,1,1,1
AAC6-PRIME,gene:proph:167228,likely IS/TE,0,1,0,1
AAC6-PRIME,gene:proph:167231,likely IS/TE,1,0,3,1
ACRA,gene:vir:1321,virus,0,0,1,1
ACRD,gene:proph:163981,prophage,0,0,1,1
ACRD,gene:proph:182641,prophage,0,0,1,1
ACRD,gene:proph:183583,prophage,0,0,1,1
ACRD,gene:proph:184644,prophage,0,0,1,1
ACRD,gene:vir:7156,virus,0,0,1,1
ACRS,gene:proph:163818,prophage,0,0,1,1
AMPH,gene:plasmid:123173,plasmid,0,0,1,1
AMPH,gene:plasmid:123175,plasmid,0,0,1,1
AMPH,gene:plasmid:88435,plasmid,0,0,1,1
AMPH,gene:plasmid:88436,plasmid,0,0,1,1
AMPH,gene:plasmid:88437,plasmid,0,0,1,1
ANT6,gene:plasmid:135617,plasmid,0,0,1,1
ANT6,gene:plasmid:136912,plasmid,1,0,3,1
ANT6,gene:plasmid:15542,plasmid,1,0,3,1
ANT6,gene:plasmid:15664,plasmid,0,0,1,1
ANT6,gene:plasmid:15665,likely IS/TE,0,0,1,1
ANT6,gene:plasmid:28968,plasmid,1,0,3,1
APH3-PRIME,gene:plasmid:109090,plasmid,0,0,2,1
APH3-PRIME,gene:plasmid:136190,plasmid,0,0,2,1
APH3-PRIME,gene:plasmid:83771,plasmid,0,0,2,1
APH3-PRIME,gene:plasmid:83787,plasmid,0,0,2,1
APH3-PRIME,gene:plasmid:83899,plasmid,0,0,2,1
APH3-PRIME,gene:plasmid:83934,plasmid,0,0,2,1
APH3-PRIME,gene:plasmid:91552,plasmid,0,0,2,1
APH3-PRIME,gene:plasmid:91555,plasmid,0,0,2,1
APH3-PRIME,gene:plasmid:91581,plasmid,0,1,0,1
APH3-PRIME,gene:plasmid:91606,plasmid,0,0,2,1
APH3-PRIME,gene:plasmid:91640,plasmid,0,0,2,1
APH3-PRIME,gene:plasmid:91643,plasmid,0,0,2,1
APH3-PRIME,gene:plasmid:91648,plasmid,0,0,2,1
APH3-PRIME,gene:plasmid:91662,plasmid,0,1,0,1
APH6,gene:plasmid:136289,plasmid,0,1,0,1
ARIR,gene:proph:169115,prophage,0,0,1,1
ARIR,gene:proph:172517,prophage,0,0,1,1
ARIR,gene:proph:172518,prophage,0,0,1,1
ARIR,gene:proph:172519,prophage,0,0,1,1
ARIR,gene:proph:172520,prophage,0,0,1,1
ARIR,gene:proph:172521,prophage,0,0,1,1
ARIR,gene:proph:172522,prophage,0,0,1,1
ARIR,gene:proph:172523,prophage,0,0,1,1
ARIR,gene:proph:172524,prophage,0,0,1,1
ARIR,gene:proph:172602,prophage,0,0,1,1
ARIR,gene:proph:177632,prophage,0,0,1,1
ARIR,gene:proph:177685,prophage,0,0,1,1
ARIR,gene:proph:177696,prophage,0,0,1,1
ARIR,gene:proph:183637,prophage,0,0,1,1
ARIR,gene:vir:93595,virus,0,0,1,1
ARIR,gene:vir:93604,virus,0,0,1,1
ARNT,gene:plasmid:86276,plasmid,0,1,0,1
ARR,gene:plasmid:139639,likely IS/TE,0,1,0,1
ARR,gene:plasmid:149101,likely IS/TE,0,1,0,1
ARSBM,gene:plasmid:124927,plasmid,0,1,0,1
ARSBM,gene:plasmid:124929,plasmid,0,1,0,1
ARSBM,gene:plasmid:85089,plasmid,0,1,0,1
ARSCM,gene:plasmid:123306,plasmid,0,0,1,1
ARSCM,gene:plasmid:27818,plasmid,0,0,1,1
ARSCM,gene:plasmid:93448,plasmid,0,0,1,1
ARSCM,gene:plasmid:93448,plasmid,0,1,0,1
ARSCM,gene:proph:173726,prophage,0,0,1,1
ARSP,gene:plasmid:14189,plasmid,0,1,0,1
ARSRM,gene:plasmid:16011,plasmid,0,0,2,1
ARSRM,gene:plasmid:24694,plasmid,0,0,2,1
ARSRM,gene:plasmid:88465,plasmid,0,0,1,1
ARSRM,gene:plasmid:88466,plasmid,0,0,1,1
ARSRM,gene:plasmid:88466,plasmid,0,1,0,1
ARSRM,gene:plasmid:88468,plasmid,0,0,1,1
ARSRM,gene:plasmid:88468,plasmid,0,0,2,2
ARSRM,gene:plasmid:88468,plasmid,0,1,1,1
ASMA,gene:plasmid:112498,plasmid,0,1,0,1
ASMA,gene:plasmid:117753,plasmid,0,1,0,1
ASMA,gene:plasmid:123360,plasmid,0,1,0,1
ASMA,gene:plasmid:123361,plasmid,0,1,0,1
ASMA,gene:plasmid:123362,plasmid,0,1,0,1
ASMA,gene:plasmid:123363,plasmid,0,1,0,1
ASMA,gene:plasmid:149414,plasmid,0,1,0,1
ASMA,gene:plasmid:149415,plasmid,0,1,0,1
ASMA,gene:plasmid:22236,plasmid,0,1,0,1
ASMA,gene:plasmid:93439,plasmid,0,1,0,1
ASMA,gene:plasmid:93454,plasmid,0,1,0,1
ASMA,gene:proph:176848,prophage,0,0,1,1
ASMA,gene:proph:181234,prophage,0,0,1,1
ASMA,gene:vir:105390,virus,0,0,1,1
ASMA,gene:vir:1919,virus,0,0,1,1
ASMA,gene:vir:1921,virus,0,0,1,1
ASMA,gene:vir:213,virus,0,0,1,1
ASMA,gene:vir:219,virus,0,0,1,1
ASR,gene:proph:172400,prophage,0,0,1,1
ASR,gene:proph:173506,prophage,0,0,1,1
ASR,gene:proph:173881,prophage,0,0,1,1
ASR,gene:proph:173882,prophage,0,0,1,1
ASR,gene:proph:173883,prophage,0,0,1,1
ASR,gene:proph:173886,prophage,0,0,1,1
ASR,gene:proph:173887,prophage,0,0,1,1
ASR,gene:proph:173888,prophage,0,0,1,1
ASR,gene:proph:173889,prophage,0,0,1,1
ASR,gene:proph:173890,prophage,0,0,1,1
ASR,gene:proph:173891,prophage,0,0,1,1
ASR,gene:proph:173892,prophage,0,0,1,1
ASR,gene:proph:173893,prophage,0,0,1,1
ASR,gene:proph:173894,prophage,0,0,1,1
ASR,gene:proph:173895,prophage,0,0,1,1
ASR,gene:proph:173899,prophage,0,0,1,1
ASR,gene:proph:173900,prophage,0,0,1,1
ASR,gene:proph:173901,prophage,0,0,1,1
ASR,gene:proph:173928,prophage,0,0,1,1
ASR,gene:proph:173934,prophage,0,0,1,1
ASR,gene:proph:175283,prophage,0,0,1,1
ASR,gene:proph:176845,prophage,0,0,1,1
ASR,gene:proph:176861,prophage,0,0,1,1
ASR,gene:proph:176866,prophage,0,0,1,1
ASR,gene:proph:177426,prophage,0,0,1,1
ASR,gene:proph:177429,prophage,0,0,1,1
ASR,gene:proph:181267,prophage,0,0,1,1
ASR,gene:proph:181272,prophage,0,0,1,1
ASR,gene:proph:181284,prophage,0,0,1,1
ASR,gene:proph:182994,prophage,0,0,1,1
ASR,gene:proph:183007,prophage,0,0,1,1
ASR,gene:proph:183581,prophage,1,0,3,1
ASR,gene:proph:183626,prophage,0,0,1,1
ASR,gene:proph:183629,prophage,0,0,1,1
ASR,gene:proph:184990,prophage,0,0,1,1
ASR,gene:vir:105371,virus,0,0,1,1
ASR,gene:vir:105430,virus,0,0,1,1
ASR,gene:vir:105726,virus,0,0,1,1
ASR,gene:vir:105727,virus,0,0,1,1
ASR,gene:vir:105728,virus,0,0,1,1
ASR,gene:vir:150,virus,0,0,1,1
ASR,gene:vir:151,virus,0,0,1,1
ASR,gene:vir:154,virus,0,0,1,1
ASR,gene:vir:236,virus,0,0,1,1
ASR,gene:vir:243,virus,0,0,1,1
ASR,gene:vir:3474,virus,0,0,1,1
BLA1,gene:plasmid:122880,plasmid,0,1,0,1
BLA1,gene:plasmid:122881,plasmid,0,1,0,1
BLA1,gene:plasmid:122882,plasmid,0,1,0,1
BLA1,gene:plasmid:123057,plasmid,0,1,0,1
BLAEC,gene:plasmid:109300,plasmid,0,0,3,1
BLAZ,gene:plasmid:28884,plasmid,0,1,0,1
CATA,gene:plasmid:133251,plasmid,0,1,1,1
CATA,gene:plasmid:24253,plasmid,0,0,1,1
CATA,gene:plasmid:84454,plasmid,0,1,2,1
CATA,gene:plasmid:87041,plasmid,0,1,1,1
CFX,gene:plasmid:133362,plasmid,0,0,1,1
CFX,gene:plasmid:133366,plasmid,0,0,1,1
CFX,gene:plasmid:133367,plasmid,0,0,1,1
CFX,gene:plasmid:133368,plasmid,0,0,1,1
CFX,gene:plasmid:133369,plasmid,0,0,1,1
CFX,gene:plasmid:133373,plasmid,0,0,1,1
CFX,gene:plasmid:133374,plasmid,0,0,1,1
CFX,gene:plasmid:133377,plasmid,0,0,1,1
CFX,gene:plasmid:133381,plasmid,0,0,1,1
CFX,gene:plasmid:133383,plasmid,0,0,1,1
CFX,gene:plasmid:133384,plasmid,0,0,1,1
CFX,gene:plasmid:133385,plasmid,0,0,1,1
CFX,gene:plasmid:133388,plasmid,0,0,1,1
CFX,gene:plasmid:133391,plasmid,0,0,1,1
CFX,gene:plasmid:133392,plasmid,0,0,1,1
CFX,gene:plasmid:133394,plasmid,0,0,1,1
CFX,gene:plasmid:133396,plasmid,0,0,1,1
CFX,gene:plasmid:133400,plasmid,0,0,1,1
CFX,gene:plasmid:133401,plasmid,0,0,1,1
CFX,gene:plasmid:133402,plasmid,0,0,1,1
CFX,gene:plasmid:141426,plasmid,0,0,1,1
CFX,gene:plasmid:141426,plasmid,0,0,2,1
CFX,gene:plasmid:141426,plasmid,0,1,2,1
CFX,gene:plasmid:141426,plasmid,0,1,3,1
CFX,gene:plasmid:141426,plasmid,1,0,3,4
CFX,gene:plasmid:141426,plasmid,1,1,3,4
CFX,gene:plasmid:141431,plasmid,0,0,1,1
CMY,gene:plasmid:109060,plasmid,0,1,0,1
CMY,gene:plasmid:109061,plasmid,0,1,0,1
CMY,gene:plasmid:109062,plasmid,0,1,0,1
CMY,gene:plasmid:109177,plasmid,0,1,0,1
CMY,gene:plasmid:117706,likely IS/TE,0,0,1,1
CMY,gene:plasmid:117731,plasmid,0,0,1,1
CMY,gene:plasmid:117732,plasmid,0,0,1,1
CMY,gene:plasmid:117735,plasmid,0,0,1,1
CMY,gene:plasmid:117738,plasmid,0,0,1,1
CMY,gene:plasmid:117739,plasmid,0,0,1,1
CMY,gene:plasmid:117740,plasmid,0,0,1,1
CMY,gene:plasmid:117741,plasmid,0,0,1,1
CMY,gene:plasmid:117742,plasmid,0,0,1,1
CMY,gene:plasmid:117781,plasmid,0,0,1,1
CMY,gene:plasmid:117818,plasmid,0,0,1,1
CMY,gene:plasmid:117820,plasmid,0,0,1,1
CMY,gene:plasmid:117821,plasmid,0,0,1,1
CMY,gene:plasmid:117823,plasmid,0,0,1,1
CMY,gene:plasmid:121510,plasmid,0,0,1,1
CMY,gene:plasmid:121584,plasmid,0,0,1,1
CMY,gene:plasmid:123182,plasmid,0,0,1,1
CMY,gene:plasmid:123231,plasmid,0,0,1,1
CMY,gene:plasmid:136136,plasmid,0,0,2,1
CMY,gene:plasmid:136204,plasmid,0,0,2,1
CMY,gene:plasmid:136206,plasmid,0,1,0,1
CMY,gene:plasmid:136208,plasmid,0,1,0,1
CMY,gene:plasmid:136210,plasmid,0,1,0,1
CMY,gene:plasmid:136244,plasmid,0,1,0,1
CMY,gene:plasmid:136246,plasmid,0,1,0,1
CMY,gene:plasmid:136253,plasmid,0,1,0,1
CMY,gene:plasmid:14229,likely IS/TE,0,1,2,1
CMY,gene:plasmid:151254,plasmid,0,0,1,1
CMY,gene:plasmid:151291,plasmid,0,0,1,1
CMY,gene:plasmid:19408,plasmid,0,0,1,1
CMY,gene:plasmid:19409,plasmid,0,0,1,1
CMY,gene:plasmid:19506,plasmid,0,0,1,1
CMY,gene:plasmid:24721,plasmid,0,0,1,1
CMY,gene:plasmid:83774,plasmid,0,1,0,1
CMY,gene:plasmid:83906,plasmid,0,1,0,1
CMY,gene:plasmid:83929,plasmid,0,0,2,1
CMY,gene:plasmid:84548,plasmid,0,0,1,1
CMY,gene:plasmid:91057,plasmid,0,1,0,1
CMY,gene:plasmid:91147,plasmid,0,0,2,1
CMY,gene:plasmid:91150,plasmid,0,1,0,1
CMY,gene:plasmid:91194,plasmid,0,1,0,1
CMY,gene:plasmid:91534,plasmid,0,1,2,1
CMY,gene:plasmid:91536,plasmid,0,1,2,1
CMY,gene:plasmid:91550,plasmid,0,1,0,1
CMY,gene:plasmid:91561,plasmid,0,1,2,1
CMY,gene:plasmid:91563,plasmid,0,1,0,1
CMY,gene:plasmid:91567,plasmid,0,1,2,1
CMY,gene:plasmid:91568,plasmid,0,1,2,1
CMY,gene:plasmid:91571,plasmid,0,1,0,1
CMY,gene:plasmid:91572,plasmid,0,1,2,1
CMY,gene:plasmid:91573,plasmid,0,1,0,1
CMY,gene:plasmid:91574,plasmid,0,1,2,1
CMY,gene:plasmid:91579,plasmid,0,0,2,1
CMY,gene:plasmid:91594,plasmid,0,1,0,1
CMY,gene:plasmid:91595,plasmid,0,0,2,1
CMY,gene:plasmid:91603,plasmid,0,1,2,1
CMY,gene:plasmid:91609,plasmid,0,1,2,1
CMY,gene:plasmid:91612,plasmid,0,1,0,1
CMY,gene:plasmid:91615,plasmid,0,1,2,1
CMY,gene:plasmid:91619,plasmid,0,1,0,1
CMY,gene:plasmid:91621,plasmid,0,1,0,1
CMY,gene:plasmid:91625,plasmid,0,1,0,1
CMY,gene:plasmid:91626,plasmid,0,1,0,1
CMY,gene:plasmid:91637,plasmid,0,1,2,1
CMY,gene:plasmid:91641,plasmid,0,1,2,1
CMY,gene:plasmid:91642,plasmid,0,1,2,1
CMY,gene:plasmid:91644,plasmid,0,1,0,1
CMY,gene:plasmid:91649,plasmid,0,1,2,1
CMY,gene:plasmid:91660,plasmid,0,1,2,1
CMY,gene:plasmid:91666,plasmid,0,1,2,1
CMY,gene:plasmid:91674,plasmid,0,1,2,1
CMY,gene:plasmid:91675,plasmid,0,1,2,1
CMY,gene:plasmid:91679,plasmid,0,1,0,1
CMY,gene:plasmid:91682,plasmid,0,1,2,1
CMY,gene:plasmid:91685,plasmid,0,1,0,1
CMY,gene:plasmid:91689,plasmid,0,1,2,1
CMY,gene:plasmid:91693,plasmid,0,1,0,1
CMY,gene:plasmid:91695,plasmid,0,1,2,1
CMY,gene:plasmid:91710,plasmid,0,1,0,1
CMY,gene:plasmid:91714,plasmid,0,1,0,1
CMY,gene:plasmid:91716,plasmid,0,1,0,1
CMY,gene:proph:163917,likely IS/TE,0,0,1,1
CMY,gene:proph:163922,likely IS/TE,0,0,1,1
CMY,gene:proph:163923,likely IS/TE,0,0,1,1
COMR,gene:proph:163847,prophage,0,0,1,1
COMR,gene:proph:172415,prophage,0,0,1,1
COMR,gene:proph:172517,prophage,0,0,1,1
COMR,gene:proph:172518,prophage,0,0,1,1
COMR,gene:proph:172519,prophage,0,0,1,1
COMR,gene:proph:172520,prophage,0,0,1,1
COMR,gene:proph:172521,prophage,0,0,1,1
COMR,gene:proph:172522,prophage,0,0,1,1
COMR,gene:proph:172523,prophage,0,0,1,1
COMR,gene:proph:172524,prophage,0,0,1,1
COMR,gene:proph:172651,prophage,0,0,1,1
COMR,gene:proph:176039,prophage,0,0,1,1
COMR,gene:proph:176040,prophage,0,0,1,1
COMR,gene:proph:176765,prophage,0,0,1,1
COMR,gene:proph:181166,prophage,0,0,1,1
COMR,gene:proph:181167,prophage,0,0,1,1
COMR,gene:proph:181222,prophage,0,0,1,1
COMR,gene:vir:104422,virus,0,0,1,1
COMR,gene:vir:108544,virus,0,0,1,1
COMR,gene:vir:108716,virus,0,0,1,1
COMR,gene:vir:2884,virus,0,0,1,1
COMR,gene:vir:3271,virus,0,0,1,1
COMR,gene:vir:3472,virus,0,0,1,1
COPA,gene:plasmid:88435,plasmid,1,0,3,1
COPA,gene:plasmid:88436,plasmid,1,0,3,1
COPA,gene:plasmid:88437,plasmid,1,0,3,1
COPA,gene:proph:159047,prophage,1,0,3,1
COPA,gene:proph:159076,prophage,0,0,1,1
COPA,gene:proph:176071,prophage,0,0,1,1
COPA,gene:proph:176073,prophage,0,0,1,1
COPA,gene:proph:176737,prophage,1,0,3,1
COPA,gene:proph:179473,prophage,0,0,1,1
COPA,gene:proph:179475,prophage,1,0,3,1
COPA,gene:proph:179476,prophage,1,0,3,1
COPA,gene:proph:179478,prophage,1,0,3,1
COPA,gene:proph:179486,prophage,1,0,3,1
COPA,gene:proph:181087,prophage,1,0,3,1
COPA,gene:proph:181111,prophage,1,0,3,1
COPA,gene:proph:181113,prophage,1,0,3,1
COPA,gene:proph:181119,prophage,0,0,1,1
COPA,gene:proph:181161,prophage,1,0,3,1
COPA,gene:proph:181170,prophage,0,0,1,1
COPA,gene:proph:181318,prophage,0,0,1,1
COPA,gene:proph:181322,prophage,0,0,1,1
COPA,gene:proph:181323,prophage,0,0,1,1
COPA,gene:proph:181324,prophage,0,0,1,1
COPA,gene:vir:166,virus,0,0,1,1
COPA,gene:vir:167,virus,0,0,1,1
COPA,gene:vir:4533,virus,1,0,3,1
COPA,gene:vir:4534,virus,1,0,3,1
COPA,gene:vir:4536,virus,1,0,3,1
COPA,gene:vir:4537,virus,1,0,3,1
COPA,gene:vir:4546,virus,1,0,3,1
COPA,gene:vir:4547,virus,1,0,3,1
CORA,gene:plasmid:123244,plasmid,0,0,1,1
CORA,gene:plasmid:123245,plasmid,0,0,1,1
CORA,gene:plasmid:123246,plasmid,0,0,1,1
CORA,gene:plasmid:123247,plasmid,0,0,1,1
CORA,gene:plasmid:123248,plasmid,0,0,1,1
CORA,gene:plasmid:123249,plasmid,0,0,1,1
CORA,gene:plasmid:123250,plasmid,0,0,1,1
CORA,gene:plasmid:123251,plasmid,0,0,1,1
CORA,gene:plasmid:123252,plasmid,0,0,1,1
CORA,gene:plasmid:123253,plasmid,0,0,1,1
CORA,gene:plasmid:123254,plasmid,0,0,1,1
CORA,gene:plasmid:24561,plasmid,0,0,1,2
CORA,gene:plasmid:24561,plasmid,1,0,3,2
CORA,gene:proph:159396,prophage,0,0,1,1
CORA,gene:proph:159396,prophage,0,1,0,2
CORB,gene:plasmid:93474,plasmid,0,0,1,1
CORB,gene:plasmid:93475,plasmid,0,0,1,1
CORB,gene:proph:163906,prophage,0,0,1,1
CORB,gene:proph:163976,likely IS/TE,0,0,1,2
CORB,gene:proph:163976,likely IS/TE,0,0,2,1
CORB,gene:proph:173747,prophage,0,1,0,1
CORB,gene:proph:175014,prophage,0,1,0,1
CORB,gene:proph:175032,prophage,0,1,0,1
CORB,gene:proph:179474,prophage,0,0,1,1
CORB,gene:proph:181067,prophage,0,0,1,1
CORB,gene:proph:181068,prophage,0,0,1,1
CORB,gene:proph:181069,prophage,0,0,1,1
CORB,gene:proph:181070,prophage,0,0,1,1
CORB,gene:proph:181073,prophage,0,0,1,1
CORB,gene:proph:181074,prophage,0,0,1,1
CORB,gene:proph:181075,prophage,0,0,1,1
CORB,gene:proph:181076,prophage,0,0,1,1
CORB,gene:proph:181077,prophage,0,0,1,1
CORB,gene:proph:181078,prophage,0,0,1,1
CORB,gene:proph:181080,prophage,0,0,1,1
CORB,gene:proph:181081,prophage,0,0,1,1
CORB,gene:proph:181082,prophage,0,0,1,1
CORB,gene:proph:181083,prophage,0,0,1,1
CORB,gene:proph:181085,prophage,0,0,1,1
CORB,gene:proph:181086,prophage,0,0,1,1
CORB,gene:proph:181091,prophage,0,0,1,1
CORB,gene:proph:181092,prophage,0,0,1,1
CORB,gene:proph:181093,prophage,0,0,1,1
CORB,gene:proph:181094,prophage,0,0,1,1
CORB,gene:proph:181095,prophage,0,0,1,1
CORB,gene:proph:181096,prophage,0,0,1,1
CORB,gene:proph:181097,prophage,0,0,1,1
CORB,gene:proph:181098,prophage,0,0,1,1
CORB,gene:proph:181099,prophage,0,0,1,1
CORB,gene:proph:181100,prophage,0,0,1,1
CORB,gene:proph:181101,prophage,0,0,1,1
CORB,gene:proph:181102,prophage,0,0,1,1
CORB,gene:proph:181103,prophage,0,0,1,1
CORB,gene:proph:181104,prophage,0,0,1,1
CORB,gene:proph:181159,prophage,0,0,1,1
CRP,gene:plasmid:21818,plasmid,0,0,1,1
CRP,gene:vir:1321,virus,0,0,1,1
CTX,gene:plasmid:117688,plasmid,0,1,0,1
CTX,gene:plasmid:117695,likely IS/TE,0,1,0,1
CTX,gene:plasmid:117832,plasmid,0,1,0,1
CTX,gene:plasmid:139639,likely IS/TE,0,1,0,1
CTX,gene:plasmid:156018,plasmid,0,1,0,1
CTX,gene:plasmid:88328,plasmid,0,1,0,1
CTX,gene:plasmid:88329,plasmid,0,1,0,1
CTX,gene:plasmid:88331,plasmid,0,1,0,1
CTX,gene:plasmid:88333,likely IS/TE,0,1,0,1
CTX,gene:plasmid:88336,plasmid,0,1,0,1
CTX,gene:plasmid:88337,plasmid,0,1,0,1
CTX,gene:plasmid:88339,plasmid,0,1,0,1
CTX,gene:plasmid:88340,plasmid,0,1,0,1
CTX,gene:plasmid:88341,plasmid,0,1,0,1
CTX,gene:plasmid:88343,plasmid,0,1,0,1
CTX,gene:plasmid:91966,likely IS/TE,0,0,2,1
CUEO,gene:plasmid:156805,plasmid,0,0,1,1
CUER,gene:proph:176739,prophage,0,0,1,1
CUER,gene:vir:4533,virus,0,0,1,1
CUER,gene:vir:4534,virus,0,0,1,1
CUER,gene:vir:4535,virus,0,0,1,1
CUER,gene:vir:4536,virus,0,0,1,1
CUTA,gene:proph:169111,likely IS/TE,0,0,1,1
CUTC,gene:proph:163921,prophage,0,0,1,1
CUTC,gene:proph:183581,prophage,0,0,1,1
DFRA,gene:plasmid:158823,plasmid,1,0,3,1
DFRA,gene:plasmid:158836,plasmid,1,0,3,1
DFRA,gene:plasmid:158907,plasmid,1,0,3,1
DFRA,gene:plasmid:87420,plasmid,0,0,1,1
DFRA,gene:plasmid:87420,plasmid,1,0,3,1
DFRA,gene:plasmid:87421,plasmid,0,0,1,1
DFRF,gene:plasmid:14955,likely IS/TE,0,1,0,1
DNAK,gene:plasmid:158140,plasmid,0,0,1,1
DNAK,gene:plasmid:158140,plasmid,1,0,3,2
DSBC,gene:plasmid:123177,likely IS/TE,1,0,3,1
DSBC,gene:plasmid:151300,likely IS/TE,1,0,3,1
EFMA,gene:plasmid:136829,plasmid,0,0,1,1
EFMA,gene:plasmid:136829,plasmid,0,1,0,1
EFMA,gene:plasmid:136837,plasmid,0,1,0,1
EFMA,gene:plasmid:136837,plasmid,0,1,1,1
EMMDR,gene:plasmid:119712,likely IS/TE,0,0,2,1
EMMDR,gene:proph:182641,prophage,0,0,2,1
EMRD,gene:proph:179438,prophage,1,0,3,1
EMRR,gene:proph:163976,likely IS/TE,1,0,3,1
EMRR,gene:proph:179489,prophage,0,0,1,1
EMRR,gene:proph:179490,prophage,0,0,1,1
ERMB,gene:plasmid:135617,plasmid,0,1,0,1
ERMB,gene:plasmid:15563,plasmid,0,0,1,1
ERMB,gene:plasmid:156401,plasmid,0,0,1,1
ERMC,gene:plasmid:138607,plasmid,0,1,0,1
ERMC,gene:plasmid:19874,plasmid,0,1,0,1
FABI,gene:plasmid:120395,plasmid,0,0,1,1
FABI,gene:plasmid:120395,plasmid,0,1,0,1
FABI,gene:plasmid:93474,plasmid,0,0,1,1
FABI,gene:plasmid:93474,plasmid,0,1,0,1
FABI,gene:plasmid:93482,plasmid,0,0,1,1
FABI,gene:plasmid:93482,plasmid,0,1,0,1
FECD,gene:plasmid:114192,likely IS/TE,0,0,1,1
FECD,gene:plasmid:114202,likely IS/TE,1,0,3,1
FECD,gene:plasmid:123343,likely IS/TE,0,1,0,1
FECD,gene:plasmid:142013,likely IS/TE,0,0,1,2
FECD,gene:plasmid:142025,likely IS/TE,1,0,3,1
FECD,gene:plasmid:142074,likely IS/TE,0,0,1,1
FECD,gene:plasmid:156052,plasmid,0,0,1,3
FECD,gene:plasmid:156052,plasmid,0,0,2,1
FECD,gene:plasmid:156052,plasmid,0,1,1,2
FECD,gene:plasmid:156052,plasmid,1,1,3,1
FECD,gene:plasmid:156066,likely IS/TE,0,1,0,1
FECD,gene:plasmid:156082,likely IS/TE,0,1,0,1
FECD,gene:plasmid:156832,likely IS/TE,0,1,0,1
FECD,gene:plasmid:25296,likely IS/TE,0,0,1,1
FECD,gene:plasmid:25357,likely IS/TE,1,0,3,1
FECD,gene:plasmid:25689,likely IS/TE,0,0,1,1
FECD,gene:plasmid:25689,likely IS/TE,0,1,0,1
FECD,gene:plasmid:88409,plasmid,0,1,0,1
FECD,gene:plasmid:88437,plasmid,0,1,0,1
FECD,gene:proph:163834,likely IS/TE,0,1,0,1
FECD,gene:proph:163854,likely IS/TE,0,0,1,1
FECD,gene:proph:169102,likely IS/TE,0,1,0,1
FECD,gene:proph:177620,prophage,0,0,1,1
FECD,gene:proph:177621,prophage,0,0,1,2
FECD,gene:proph:183618,prophage,0,0,1,1
FIEF,gene:plasmid:16162,plasmid,0,0,1,1
FIEF,gene:proph:176915,prophage,0,0,1,1
FIEF,gene:proph:176925,prophage,0,0,1,1
FIEF,gene:vir:2040,virus,0,0,1,1
FIEF,gene:vir:5705,virus,0,0,1,1
FIEF,gene:vir:5706,virus,0,0,1,1
FIEF,gene:vir:5707,virus,0,0,1,1
FIEF,gene:vir:5708,virus,0,0,1,1
FIEF,gene:vir:5709,virus,0,0,1,1
FIEF,gene:vir:5713,virus,0,0,1,1
FIEF,gene:vir:5718,virus,0,0,1,1
FIEF,gene:vir:6070,virus,0,0,1,1
FIEF,gene:vir:6072,virus,0,0,1,1
FIEF,gene:vir:6079,virus,0,0,1,1
FIEF,gene:vir:6080,virus,0,0,1,1
FOSA,gene:plasmid:154014,plasmid,0,0,1,1
FOSA,gene:plasmid:21346,plasmid,0,1,0,1
FOSA,gene:plasmid:28746,plasmid,0,1,0,1
FOSA,gene:plasmid:93495,plasmid,0,0,1,1
GADX,gene:plasmid:123887,plasmid,1,0,3,1
GADX,gene:plasmid:21818,plasmid,1,0,3,1
GLPF,gene:plasmid:123175,plasmid,1,0,3,1
GLPF,gene:plasmid:84585,plasmid,1,0,3,1
GLPF,gene:plasmid:84614,likely IS/TE,1,0,3,1
GLPF,gene:plasmid:84622,likely IS/TE,1,0,3,1
GLPF,gene:proph:163807,prophage,1,0,3,1
GLPF,gene:proph:163814,prophage,1,0,3,1
GLPF,gene:proph:176915,prophage,1,0,3,1
GLPF,gene:proph:176917,prophage,1,0,3,1
GLPF,gene:proph:176925,prophage,1,0,3,1
GLPF,gene:vir:108626,virus,1,0,3,1
GLPF,gene:vir:2014,virus,1,0,3,1
GLPF,gene:vir:2016,virus,1,0,3,1
GLPF,gene:vir:2022,virus,1,0,3,1
GLPF,gene:vir:2023,virus,1,0,3,1
GLPF,gene:vir:2024,virus,1,0,3,1
GLPF,gene:vir:2040,virus,1,0,3,1
GLPF,gene:vir:2050,virus,1,0,3,1
GLPF,gene:vir:5695,virus,1,0,3,1
GLPF,gene:vir:5698,virus,1,0,3,1
GLPF,gene:vir:5699,virus,1,0,3,1
GLPF,gene:vir:5705,virus,1,0,3,1
GLPF,gene:vir:5706,virus,1,0,3,1
GLPF,gene:vir:5707,virus,1,0,3,1
GLPF,gene:vir:5708,virus,1,0,3,1
GLPF,gene:vir:5709,virus,1,0,3,1
GLPF,gene:vir:5713,virus,1,0,3,1
GLPF,gene:vir:5718,virus,1,0,3,1
GLPF,gene:vir:5719,virus,1,0,3,1
GLPF,gene:vir:5720,virus,1,0,3,1
GLPF,gene:vir:5721,virus,1,0,3,1
GLPF,gene:vir:5723,virus,1,0,3,1
GLPF,gene:vir:5725,virus,1,0,3,1
GLPF,gene:vir:5727,virus,1,0,3,1
GLPF,gene:vir:6060,virus,1,0,3,1
GLPF,gene:vir:6063,virus,1,0,3,1
GLPF,gene:vir:6064,virus,1,0,3,1
GLPF,gene:vir:6070,virus,1,0,3,1
GLPF,gene:vir:6072,virus,1,0,3,1
GLPF,gene:vir:6079,virus,1,0,3,1
GLPF,gene:vir:6080,virus,1,0,3,1
HNS,gene:plasmid:121859,likely IS/TE,0,0,1,1
HNS,gene:plasmid:142103,likely IS/TE,0,0,2,1
HNS,gene:plasmid:142103,likely IS/TE,0,1,0,1
HNS,gene:plasmid:149415,plasmid,0,1,0,1
HNS,gene:proph:184879,prophage,0,0,1,1
HNS,gene:proph:184884,prophage,0,0,1,1
HNS,gene:proph:184889,prophage,0,0,1,1
HNS,gene:proph:184890,prophage,0,0,1,1
HNS,gene:proph:184891,prophage,0,0,1,1
HNS,gene:proph:184893,prophage,0,0,1,1
HNS,gene:proph:184896,prophage,0,0,1,1
HNS,gene:proph:184898,prophage,0,0,1,1
HNS,gene:proph:184899,prophage,0,0,1,1
HNS,gene:proph:184901,prophage,0,0,1,1
HNS,gene:proph:184902,prophage,0,0,1,1
HNS,gene:proph:184903,prophage,0,0,1,1
HNS,gene:proph:184904,prophage,0,0,1,1
HNS,gene:proph:184905,prophage,0,0,1,1
HNS,gene:proph:184906,prophage,0,0,1,1
HNS,gene:proph:184908,prophage,0,0,1,1
HNS,gene:proph:184910,prophage,0,0,1,1
HNS,gene:proph:184911,prophage,0,0,1,1
HNS,gene:proph:184912,prophage,0,0,1,1
HNS,gene:proph:184913,prophage,0,0,1,1
ICLR,gene:proph:161685,prophage,0,0,1,1
KDEA,gene:plasmid:124699,plasmid,0,1,0,1
KDEA,gene:proph:173726,prophage,0,1,0,1
KDEA,gene:proph:182982,prophage,0,1,0,1
KMRA,gene:plasmid:21989,plasmid,0,0,1,1
KPC,gene:plasmid:136274,plasmid,0,0,1,1
KPC,gene:plasmid:151053,plasmid,0,0,1,1
KPC,gene:plasmid:151054,plasmid,0,0,1,1
KPC,gene:plasmid:16930,plasmid,0,0,1,1
KPC,gene:plasmid:16943,plasmid,0,0,1,1
KPC,gene:plasmid:19782,plasmid,0,0,1,1
KPC,gene:plasmid:83749,plasmid,0,0,1,1
KPC,gene:plasmid:87438,plasmid,0,0,1,1
KPC,gene:plasmid:87439,plasmid,0,0,1,1
KPC,gene:plasmid:87440,plasmid,0,0,1,1
KPC,gene:plasmid:87441,plasmid,0,0,1,1
KPC,gene:plasmid:87442,plasmid,0,0,1,1
KPC,gene:plasmid:87443,plasmid,0,0,1,1
KPC,gene:plasmid:87451,likely IS/TE,0,0,1,1
KPC,gene:plasmid:87452,plasmid,0,0,1,1
KPNE,gene:plasmid:16025,likely IS/TE,0,1,0,1
KPNE,gene:plasmid:16026,plasmid,0,1,0,1
KPNE,gene:plasmid:16027,plasmid,0,1,0,1
KPNE,gene:plasmid:16029,plasmid,0,1,0,1
KPNE,gene:plasmid:92147,plasmid,0,1,0,1
LMRD,gene:plasmid:135959,plasmid,0,0,1,1
LMRD,gene:plasmid:135980,plasmid,0,0,1,1
LMRD,gene:proph:162968,prophage,0,0,1,1
LMRD,gene:proph:162970,prophage,0,0,1,1
LMRD,gene:proph:162996,prophage,0,0,1,1
LMRD,gene:proph:184396,prophage,0,0,1,1
LMRD,gene:proph:184397,prophage,0,0,1,1
LMRD,gene:proph:184398,prophage,0,0,1,1
LMRD,gene:vir:1042,virus,0,0,1,1
LMRD,gene:vir:1050,virus,0,0,1,1
LMRD,gene:vir:3580,virus,0,0,1,1
LMRD,gene:vir:3933,virus,0,0,1,1
LMRD,gene:vir:4033,virus,0,0,1,1
LMRD,gene:vir:4035,virus,0,0,1,1
LMRD,gene:vir:94754,virus,0,0,1,1
LMRD,gene:vir:992,virus,0,0,1,1
LNUC,gene:plasmid:15551,plasmid,0,1,0,1
LNUC,gene:proph:175690,prophage,0,1,1,1
LNUC,gene:proph:181669,prophage,0,1,1,1
LNUC,gene:proph:181670,prophage,0,1,1,1
LSA,ICEberg|101|Tn5385|GenBank|...,ICE,0,0,1,1
LSA,ICEberg|101|Tn5385|GenBank|...,ICE,0,1,1,1
LSA,gene:proph:183775,prophage,0,0,1,1
MARA,gene:plasmid:93486,plasmid,0,0,1,1
MARA,gene:plasmid:93486,plasmid,0,1,0,1
MARR,gene:proph:159058,prophage,0,0,1,1
MARR,gene:proph:159060,prophage,0,0,1,1
MARR,gene:proph:159065,prophage,0,0,1,1
MARR,gene:proph:159066,prophage,0,0,1,1
MARR,gene:proph:159067,prophage,0,0,1,1
MARR,gene:proph:159069,prophage,0,0,1,1
MARR,gene:proph:159070,prophage,0,0,1,1
MARR,gene:proph:159071,prophage,0,0,1,1
MARR,gene:proph:159076,prophage,0,0,1,1
MARR,gene:proph:163832,prophage,0,0,1,1
MARR,gene:proph:163928,prophage,0,0,1,1
MARR,gene:proph:163939,prophage,0,0,1,1
MARR,gene:proph:163940,prophage,0,0,1,1
MARR,gene:proph:172467,prophage,0,0,1,1
MARR,gene:proph:172470,prophage,0,0,1,1
MARR,gene:proph:176797,prophage,0,0,1,1
MARR,gene:proph:179432,prophage,0,0,1,1
MARR,gene:proph:179433,prophage,0,0,1,1
MARR,gene:proph:179435,prophage,0,0,1,1
MARR,gene:proph:179436,prophage,0,0,1,1
MARR,gene:proph:179439,prophage,0,0,1,1
MARR,gene:proph:179443,prophage,0,0,1,1
MARR,gene:proph:179464,prophage,0,0,1,1
MARR,gene:proph:181121,prophage,0,0,1,1
MARR,gene:proph:181210,prophage,0,0,1,1
MARR,gene:proph:181302,prophage,0,0,1,1
MARR,gene:proph:181308,prophage,0,0,1,1
MARR,gene:proph:181312,prophage,0,0,1,1
MARR,gene:proph:181314,prophage,0,0,1,1
MARR,gene:proph:181315,prophage,0,0,1,1
MARR,gene:proph:181317,prophage,0,0,1,1
MARR,gene:proph:182931,prophage,0,0,1,1
MARR,gene:vir:3424,virus,0,0,1,1
MARR,gene:vir:3425,virus,0,0,1,1
MARR,gene:vir:3426,virus,0,0,1,1
MARR,gene:vir:3429,virus,0,0,1,1
MARR,gene:vir:3430,virus,0,0,1,1
MARR,gene:vir:3431,virus,0,0,1,1
MDE,gene:proph:175649,prophage,0,0,1,1
MDE,gene:proph:181670,prophage,0,0,1,1
MDTA,gene:plasmid:87050,plasmid,0,0,1,1
MDTA,gene:plasmid:87051,plasmid,0,0,1,1
MDTA,gene:proph:179438,prophage,0,0,1,1
MECA,gene:vir:98354,virus,0,1,0,1
MEFE,gene:plasmid:141421,plasmid,1,0,3,1
MEFE,gene:plasmid:141423,plasmid,1,0,3,1
MEFE,gene:plasmid:141425,plasmid,1,0,3,1
MEFE,gene:plasmid:141426,plasmid,0,0,1,1
MEFE,gene:plasmid:141426,plasmid,0,0,3,1
MEFE,gene:plasmid:141426,plasmid,0,1,0,1
MEFE,gene:plasmid:141426,plasmid,1,0,3,2
MEFE,gene:plasmid:141427,plasmid,1,0,3,1
MEFE,gene:plasmid:141429,plasmid,1,0,3,1
MEFE,gene:plasmid:82630,plasmid,0,0,3,1
MERD,gene:plasmid:127986,likely IS/TE,0,0,2,1
MERR,gene:plasmid:151054,plasmid,0,0,2,1
MERR,gene:plasmid:151055,plasmid,0,0,2,1
MERR,gene:plasmid:87432,plasmid,0,0,2,1
MERR1,gene:plasmid:136188,plasmid,0,0,1,1
MERR1,gene:plasmid:83768,plasmid,0,0,1,1
MERR1,gene:plasmid:83928,plasmid,0,0,1,1
MERR1,gene:plasmid:83934,plasmid,0,0,1,1
MERR1,gene:plasmid:91552,plasmid,0,0,1,1
MERR1,gene:plasmid:91555,plasmid,0,0,1,1
MERR1,gene:plasmid:91569,plasmid,0,0,1,1
MERR1,gene:plasmid:91581,plasmid,0,0,1,1
MERR1,gene:plasmid:91599,plasmid,0,0,1,1
MERR1,gene:plasmid:91606,plasmid,0,0,1,1
MERR1,gene:plasmid:91640,plasmid,0,0,1,1
MERR1,gene:plasmid:91643,plasmid,0,0,1,1
MERR1,gene:plasmid:91648,plasmid,0,0,1,1
MERR1,gene:plasmid:91662,plasmid,0,0,1,1
MERR1,gene:plasmid:91678,plasmid,0,0,1,1
MNTH,gene:plasmid:134726,plasmid,0,0,1,2
MNTH,gene:plasmid:134726,plasmid,0,0,2,2
MNTH,gene:plasmid:134726,plasmid,0,1,0,1
MNTH,gene:plasmid:134726,plasmid,0,1,1,1
MNTH,gene:proph:163850,prophage,0,0,1,1
MNTH,gene:proph:163853,prophage,0,0,1,1
MNTH,gene:proph:170569,prophage,0,0,1,1
MNTH,gene:proph:176758,prophage,0,0,1,1
MNTH,gene:proph:176852,prophage,0,0,1,1
MNTH,gene:proph:176855,prophage,0,0,1,1
MNTH,gene:proph:176864,prophage,0,0,1,1
MNTH,gene:proph:176870,prophage,0,0,1,1
MNTH,gene:proph:179433,prophage,0,0,1,1
MNTH,gene:proph:181201,prophage,0,0,1,1
MNTH,gene:proph:181242,prophage,0,0,1,1
MNTH,gene:proph:181243,prophage,0,0,1,1
MNTH,gene:proph:181247,prophage,0,0,1,1
MNTH,gene:proph:181257,prophage,0,0,1,1
MNTH,gene:proph:181258,prophage,0,0,1,1
MNTH,gene:proph:181272,prophage,0,0,1,1
MNTH,gene:proph:181292,prophage,0,0,1,1
MNTH,gene:proph:182991,prophage,0,0,1,1
MNTH,gene:proph:182994,prophage,0,0,1,1
MNTH,gene:proph:182995,prophage,0,0,1,1
MNTH,gene:proph:182999,prophage,0,0,1,1
MNTH,gene:proph:183028,prophage,0,0,1,1
MNTH,gene:proph:183029,prophage,0,0,1,1
MNTH,gene:proph:183030,prophage,0,0,1,1
MNTH,gene:proph:183032,prophage,0,0,1,1
MNTH,gene:vir:10237,virus,0,0,1,1
MNTH,gene:vir:10250,virus,0,0,1,1
MNTH,gene:vir:105370,virus,0,0,1,1
MNTH,gene:vir:105418,virus,0,0,1,1
MNTH,gene:vir:105428,virus,0,0,1,1
MNTH,gene:vir:105726,virus,0,0,1,1
MNTH,gene:vir:105727,virus,0,0,1,1
MNTH,gene:vir:105728,virus,0,0,1,1
MNTH,gene:vir:130,virus,0,0,1,1
MNTH,gene:vir:131,virus,0,0,1,1
MNTH,gene:vir:151,virus,0,0,1,1
MNTH,gene:vir:179,virus,0,0,1,1
MNTH,gene:vir:1912,virus,0,0,1,1
MNTH,gene:vir:1933,virus,0,0,1,1
MNTH,gene:vir:2121,virus,0,0,1,1
MNTH,gene:vir:243,virus,0,0,1,1
MNTH,gene:vir:2854,virus,0,0,1,1
MNTH,gene:vir:3476,virus,0,0,1,1
MNTH,gene:vir:772,virus,0,0,1,1
MNTP,gene:proph:183581,prophage,0,0,2,1
MODA,gene:proph:175234,likely IS/TE,0,0,2,1
MODC,gene:plasmid:123175,plasmid,0,0,1,1
MODC,gene:plasmid:88437,plasmid,0,0,1,1
MODC,gene:proph:177442,prophage,0,0,1,1
MODC,gene:proph:181032,prophage,0,0,1,1
MODC,gene:proph:181033,prophage,0,0,1,1
MODC,gene:proph:181034,prophage,0,0,1,1
MODC,gene:proph:181036,prophage,0,0,1,1
MODC,gene:proph:181037,prophage,0,0,1,1
MODC,gene:proph:181038,prophage,0,0,1,1
MODC,gene:proph:181039,prophage,0,0,1,1
MODC,gene:proph:181040,prophage,0,0,1,1
MODC,gene:proph:181041,prophage,0,0,1,1
MODC,gene:proph:183637,prophage,0,0,1,1
MODC,gene:proph:184574,prophage,0,0,1,1
MPHA,gene:plasmid:158573,plasmid,0,1,0,1
MPHA,gene:plasmid:158838,plasmid,0,1,0,1
MPHA,gene:plasmid:158838,plasmid,0,1,1,1
MPHA,gene:plasmid:158838,plasmid,1,0,3,1
MPHA,gene:plasmid:158860,plasmid,0,1,0,1
MPHA,gene:plasmid:158860,plasmid,1,0,3,1
MPHA,gene:plasmid:87417,plasmid,0,0,1,1
MPHA,gene:plasmid:87420,plasmid,0,0,1,1
MPHA,gene:plasmid:87420,plasmid,0,0,2,1
MPHA,gene:plasmid:87420,plasmid,0,1,0,1
MPHA,gene:plasmid:87421,plasmid,0,0,1,1
MPHA,gene:plasmid:87421,plasmid,0,0,2,1
MPHA,gene:plasmid:87422,likely IS/TE,0,1,0,1
MVRC,gene:proph:159024,prophage,0,0,2,1
MVRC,gene:proph:159026,prophage,0,1,0,1
MVRC,gene:proph:159036,prophage,0,0,1,1
MVRC,gene:proph:159036,prophage,0,0,2,1
MVRC,gene:proph:163835,prophage,0,1,1,1
MVRC,gene:proph:163838,prophage,0,0,2,1
MVRC,gene:proph:163841,prophage,0,0,2,1
MVRC,gene:proph:163852,prophage,0,0,2,1
MVRC,gene:proph:163861,prophage,0,0,2,1
MVRC,gene:proph:163861,prophage,0,1,1,1
MVRC,gene:proph:163865,prophage,0,0,1,1
MVRC,gene:proph:163866,prophage,0,0,1,1
MVRC,gene:proph:163867,prophage,0,0,1,1
MVRC,gene:proph:163869,prophage,0,0,1,1
MVRC,gene:proph:163870,prophage,0,0,1,1
MVRC,gene:proph:163871,prophage,0,0,1,1
MVRC,gene:proph:163872,prophage,0,0,1,1
MVRC,gene:proph:163873,prophage,0,0,1,1
MVRC,gene:proph:163874,prophage,0,0,1,1
MVRC,gene:proph:163876,prophage,0,0,1,1
MVRC,gene:proph:163877,prophage,0,0,1,1
MVRC,gene:proph:163878,prophage,0,0,1,1
MVRC,gene:proph:163883,prophage,0,0,1,1
MVRC,gene:proph:163885,prophage,0,0,1,1
MVRC,gene:proph:163886,prophage,0,0,1,1
MVRC,gene:proph:163888,prophage,0,0,1,1
MVRC,gene:proph:163889,prophage,0,0,1,1
MVRC,gene:proph:163890,prophage,0,0,1,1
MVRC,gene:proph:163891,prophage,0,0,1,1
MVRC,gene:proph:163893,prophage,0,0,1,1
MVRC,gene:proph:163895,prophage,0,0,1,1
MVRC,gene:proph:163896,prophage,0,0,1,1
MVRC,gene:proph:163899,prophage,0,0,1,1
MVRC,gene:proph:163900,prophage,0,0,1,1
MVRC,gene:proph:163901,prophage,0,0,1,1
MVRC,gene:proph:163902,prophage,0,0,1,1
MVRC,gene:proph:163903,prophage,0,0,1,1
MVRC,gene:proph:163904,prophage,0,0,1,1
MVRC,gene:proph:163905,prophage,0,0,1,1
MVRC,gene:proph:163908,prophage,0,0,1,1
MVRC,gene:proph:163911,prophage,0,0,1,1
MVRC,gene:proph:163928,prophage,0,0,1,1
MVRC,gene:proph:169100,prophage,0,0,1,1
MVRC,gene:proph:169101,prophage,0,0,1,1
MVRC,gene:proph:169102,likely IS/TE,0,0,1,1
MVRC,gene:proph:169106,prophage,0,0,1,1
MVRC,gene:proph:169115,prophage,0,0,1,1
MVRC,gene:proph:173955,prophage,0,0,1,1
MVRC,gene:proph:176046,prophage,0,0,2,1
MVRC,gene:proph:176051,prophage,0,0,2,1
MVRC,gene:proph:176056,prophage,0,1,1,1
MVRC,gene:proph:176058,prophage,0,0,1,1
MVRC,gene:proph:176711,prophage,0,0,1,1
MVRC,gene:proph:176713,prophage,0,0,1,1
MVRC,gene:proph:176766,prophage,0,0,2,1
MVRC,gene:proph:176799,prophage,0,0,1,1
MVRC,gene:proph:176800,prophage,0,0,1,1
MVRC,gene:proph:176804,prophage,0,0,1,1
MVRC,gene:proph:176816,prophage,0,0,1,1
MVRC,gene:proph:176817,prophage,0,0,1,1
MVRC,gene:proph:176818,prophage,0,0,1,1
MVRC,gene:proph:176819,prophage,0,0,1,1
MVRC,gene:proph:176820,prophage,0,0,1,1
MVRC,gene:proph:176821,prophage,0,0,1,1
MVRC,gene:proph:176822,prophage,0,0,1,1
MVRC,gene:proph:176823,prophage,0,0,1,1
MVRC,gene:proph:176824,prophage,0,0,1,1
MVRC,gene:proph:176825,prophage,0,0,1,1
MVRC,gene:proph:176826,prophage,0,0,1,1
MVRC,gene:proph:176827,prophage,0,0,1,1
MVRC,gene:proph:176828,prophage,0,0,1,1
MVRC,gene:proph:176829,prophage,0,0,1,1
MVRC,gene:proph:176830,prophage,0,0,1,1
MVRC,gene:proph:176831,prophage,0,0,1,1
MVRC,gene:proph:176832,prophage,0,0,1,1
MVRC,gene:proph:177498,prophage,0,0,1,1
MVRC,gene:proph:177500,prophage,0,0,1,1
MVRC,gene:proph:177501,prophage,0,0,1,1
MVRC,gene:proph:179433,prophage,0,0,1,1
MVRC,gene:proph:179435,prophage,0,0,1,1
MVRC,gene:proph:179438,prophage,0,0,1,1
MVRC,gene:proph:179439,prophage,0,0,1,1
MVRC,gene:proph:181121,prophage,0,0,1,1
MVRC,gene:proph:181169,prophage,0,0,2,1
MVRC,gene:proph:181170,prophage,0,0,2,1
MVRC,gene:proph:181174,prophage,0,0,1,1
MVRC,gene:proph:183581,prophage,0,0,1,1
MVRC,gene:proph:183637,prophage,0,0,1,1
MVRC,gene:vir:104416,virus,0,0,1,1
MVRC,gene:vir:108421,virus,0,0,1,1
MVRC,gene:vir:108544,virus,0,0,2,1
MVRC,gene:vir:108646,virus,0,0,1,1
MVRC,gene:vir:1321,virus,0,0,2,1
MVRC,gene:vir:779,virus,0,0,2,1
MVRC,gene:vir:79565,virus,0,0,1,1
NHAA,gene:plasmid:119712,likely IS/TE,0,0,1,1
NHAB,gene:proph:159024,prophage,0,0,1,1
NHAB,gene:proph:159025,prophage,0,0,1,1
NHAB,gene:proph:163818,prophage,0,0,1,1
NHAB,gene:proph:163838,prophage,0,0,1,1
NHAB,gene:proph:163842,prophage,0,0,1,1
NHAB,gene:proph:163847,prophage,0,0,1,1
NHAB,gene:proph:163852,prophage,0,0,1,1
NHAB,gene:proph:169142,prophage,0,0,1,1
NHAB,gene:proph:169148,prophage,0,0,1,1
NHAB,gene:proph:172466,prophage,0,0,1,1
NHAB,gene:proph:172478,prophage,0,0,1,1
NHAB,gene:proph:172479,prophage,0,0,1,1
NHAB,gene:proph:172517,prophage,0,0,1,1
NHAB,gene:proph:172518,prophage,0,0,1,1
NHAB,gene:proph:172519,prophage,0,0,1,1
NHAB,gene:proph:172520,prophage,0,0,1,1
NHAB,gene:proph:172521,prophage,0,0,1,1
NHAB,gene:proph:172522,prophage,0,0,1,1
NHAB,gene:proph:172523,prophage,0,0,1,1
NHAB,gene:proph:172524,prophage,0,0,1,1
NHAB,gene:proph:173760,prophage,0,0,1,1
NHAB,gene:proph:173765,prophage,0,0,1,1
NHAB,gene:proph:173768,prophage,0,0,1,1
NHAB,gene:proph:173769,prophage,0,0,1,1
NHAB,gene:proph:173774,prophage,0,0,1,1
NHAB,gene:proph:173775,prophage,0,0,1,1
NHAB,gene:proph:173777,prophage,0,0,1,1
NHAB,gene:proph:173782,prophage,0,0,1,1
NHAB,gene:proph:173783,prophage,0,0,1,1
NHAB,gene:proph:173784,prophage,0,0,1,1
NHAB,gene:proph:173786,prophage,0,0,1,1
NHAB,gene:proph:173788,prophage,0,0,1,1
NHAB,gene:proph:174981,prophage,0,0,1,1
NHAB,gene:proph:174983,prophage,0,0,1,1
NHAB,gene:proph:174989,prophage,0,0,1,1
NHAB,gene:proph:174990,prophage,0,0,1,1
NHAB,gene:proph:174992,prophage,0,0,1,1
NHAB,gene:proph:174995,prophage,0,0,1,1
NHAB,gene:proph:174996,prophage,0,0,1,1
NHAB,gene:proph:174997,prophage,0,0,1,1
NHAB,gene:proph:174998,prophage,0,0,1,1
NHAB,gene:proph:175001,prophage,0,0,1,1
NHAB,gene:proph:175002,prophage,0,0,1,1
NHAB,gene:proph:175004,prophage,0,0,1,1
NHAB,gene:proph:175006,prophage,0,0,1,1
NHAB,gene:proph:176046,prophage,0,0,1,1
NHAB,gene:proph:176056,prophage,0,0,1,1
NHAB,gene:proph:176059,prophage,0,0,1,1
NHAB,gene:proph:176080,prophage,0,0,1,1
NHAB,gene:proph:176085,prophage,0,0,1,1
NHAB,gene:proph:176766,prophage,0,0,1,1
NHAB,gene:proph:176813,prophage,0,0,1,1
NHAB,gene:proph:176814,prophage,0,0,1,1
NHAB,gene:proph:177541,prophage,0,0,1,1
NHAB,gene:proph:177557,prophage,0,0,1,1
NHAB,gene:proph:179433,prophage,0,0,1,1
NHAB,gene:proph:181052,prophage,0,0,1,1
NHAB,gene:proph:181054,prophage,0,0,1,1
NHAB,gene:proph:181055,prophage,0,0,1,1
NHAB,gene:proph:181056,prophage,0,0,1,1
NHAB,gene:proph:181057,prophage,0,0,1,1
NHAB,gene:proph:181058,prophage,0,0,1,1
NHAB,gene:proph:181059,prophage,0,0,1,1
NHAB,gene:proph:181061,prophage,0,0,1,1
NHAB,gene:proph:181062,prophage,0,0,1,1
NHAB,gene:proph:181173,prophage,0,0,1,1
NHAB,gene:proph:181174,prophage,0,0,1,1
NHAB,gene:proph:181175,prophage,0,0,1,1
NHAB,gene:proph:181177,prophage,0,0,1,1
NHAB,gene:proph:181210,prophage,0,0,1,1
NHAB,gene:proph:181222,prophage,0,0,1,1
NHAB,gene:proph:181223,prophage,0,0,1,1
NHAB,gene:proph:181224,prophage,0,0,1,1
NHAB,gene:proph:181225,prophage,0,0,1,1
NHAB,gene:proph:181305,prophage,0,0,1,1
NHAB,gene:proph:181306,prophage,0,0,1,1
NHAB,gene:proph:181314,prophage,0,0,1,1
NHAB,gene:proph:181315,prophage,0,0,1,1
NHAB,gene:proph:181316,prophage,0,0,1,1
NHAB,gene:vir:104392,virus,0,0,1,1
NHAB,gene:vir:3424,virus,0,0,1,1
NHAB,gene:vir:3425,virus,0,0,1,1
NHAB,gene:vir:3431,virus,0,0,1,1
NHAB,gene:vir:3432,virus,0,0,1,1
NHAB,gene:vir:3433,virus,0,0,1,1
NHAB,gene:vir:3434,virus,0,0,1,1
NHAB,gene:vir:79556,virus,0,0,1,1
NMPC,gene:plasmid:21988,plasmid,0,0,2,1
NMPC,gene:proph:159028,prophage,0,1,1,1
NMPC,gene:proph:159036,prophage,0,1,0,1
NMPC,gene:proph:163837,prophage,0,1,1,1
NMPC,gene:proph:163858,prophage,0,1,0,1
NMPC,gene:proph:176073,prophage,0,1,0,1
NMPC,gene:proph:181127,prophage,0,0,1,1
NORA,gene:plasmid:112749,likely IS/TE,0,1,0,1
OMP37,gene:plasmid:93482,plasmid,0,1,0,1
OMPA,gene:plasmid:125744,plasmid,0,0,1,1
OMPA,gene:proph:163818,prophage,0,0,1,1
OMPA,gene:proph:183644,prophage,0,0,1,1
OQXA,gene:plasmid:21842,plasmid,0,1,0,1
OQXA,gene:proph:169464,prophage,0,0,1,1
OQXA,gene:proph:172517,prophage,0,0,1,1
OQXA,gene:proph:182978,prophage,0,1,0,1
OQXA,gene:vir:5711,virus,0,1,0,1
OQXA,gene:vir:98552,virus,0,1,0,1
PCOA,gene:plasmid:153906,plasmid,0,0,1,1
PITA,gene:plasmid:24694,plasmid,0,0,1,1
PITA,gene:plasmid:24694,plasmid,0,1,0,1
PMRF,gene:plasmid:134726,plasmid,0,0,1,1
PMRF,gene:proph:163981,prophage,0,0,1,1
PMRF,gene:proph:179438,prophage,0,0,1,1
PMRF,gene:proph:181243,prophage,0,0,1,1
PMRF,gene:proph:181244,prophage,0,0,1,1
PMRF,gene:proph:181292,prophage,0,0,1,1
PMRF,gene:proph:182641,prophage,0,0,1,1
PMRF,gene:proph:182647,prophage,0,0,1,1
PMRF,gene:proph:183583,prophage,0,0,1,1
PMRF,gene:proph:183597,prophage,0,0,1,1
PMRF,gene:vir:7156,virus,0,0,1,1
QACEDELTA1,gene:plasmid:158836,plasmid,0,0,3,1
QACEDELTA1,gene:plasmid:158838,plasmid,0,0,3,1
QACEDELTA1,gene:plasmid:87420,plasmid,0,0,3,1
QNRS,gene:plasmid:24949,likely IS/TE,0,1,1,1
QNRS,gene:plasmid:24949,likely IS/TE,1,0,3,1
RCNR,gene:proph:159026,prophage,1,0,3,1
RCNR,gene:proph:163807,prophage,0,0,1,1
RCNR,gene:proph:163810,prophage,0,0,1,1
RCNR,gene:proph:163814,prophage,0,0,1,1
RCNR,gene:proph:163847,prophage,1,0,3,1
RCNR,gene:proph:172415,prophage,1,0,3,1
RCNR,gene:proph:172651,prophage,1,0,3,1
RCNR,gene:proph:176765,prophage,1,0,3,1
RCNR,gene:proph:176924,prophage,0,0,1,1
RCNR,gene:proph:181166,prophage,1,0,3,1
RCNR,gene:vir:104426,virus,1,0,3,1
RCNR,gene:vir:108544,virus,1,0,3,1
RCNR,gene:vir:108625,virus,0,0,1,1
RCNR,gene:vir:108716,virus,1,0,3,1
RCNR,gene:vir:2013,virus,0,0,1,1
RCNR,gene:vir:2016,virus,0,0,1,1
RCNR,gene:vir:2018,virus,0,0,1,1
RCNR,gene:vir:2019,virus,0,0,1,1
RCNR,gene:vir:2022,virus,0,0,1,1
RCNR,gene:vir:2024,virus,0,0,1,1
RCNR,gene:vir:2027,virus,0,0,1,1
RCNR,gene:vir:2028,virus,0,0,1,1
RCNR,gene:vir:2029,virus,0,0,1,1
RCNR,gene:vir:2030,virus,0,0,1,1
RCNR,gene:vir:2031,virus,0,0,1,1
RCNR,gene:vir:2032,virus,0,0,1,1
RCNR,gene:vir:2033,virus,0,0,1,1
RCNR,gene:vir:2035,virus,0,0,1,1
RCNR,gene:vir:2039,virus,0,0,1,1
RCNR,gene:vir:2040,virus,0,0,1,1
RCNR,gene:vir:2045,virus,0,0,1,1
RCNR,gene:vir:2050,virus,0,0,1,1
RCNR,gene:vir:2883,virus,1,0,3,1
RCNR,gene:vir:3271,virus,1,0,3,1
RCNR,gene:vir:3472,virus,1,0,3,1
RCNR,gene:vir:5693,virus,0,0,1,1
RCNR,gene:vir:5699,virus,0,0,1,1
RCNR,gene:vir:5701,virus,0,0,1,1
RCNR,gene:vir:5713,virus,0,0,1,1
RCNR,gene:vir:5722,virus,0,0,1,1
RCNR,gene:vir:6059,virus,0,0,1,1
RCNR,gene:vir:6062,virus,0,0,1,1
RCNR,gene:vir:6065,virus,0,0,1,1
RCNR,gene:vir:6070,virus,0,0,1,1
RCNR,gene:vir:6071,virus,0,0,1,1
RCNR,gene:vir:6080,virus,0,0,1,1
RCNR,gene:vir:6093,virus,0,0,1,1
RMTC,gene:plasmid:109054,plasmid,0,0,1,1
RMTC,gene:plasmid:127984,likely IS/TE,0,0,1,1
RMTC,gene:plasmid:136206,plasmid,0,0,1,1
RMTC,gene:plasmid:136251,plasmid,0,0,1,1
RMTC,gene:plasmid:83908,plasmid,0,0,1,1
RMTC,gene:plasmid:91073,plasmid,0,0,1,1
RMTC,gene:plasmid:91140,plasmid,0,0,1,1
RMTC,gene:plasmid:91536,plasmid,0,0,1,1
RMTC,gene:plasmid:91541,plasmid,0,0,1,1
RMTC,gene:plasmid:91550,plasmid,0,0,1,1
RMTC,gene:plasmid:91553,likely IS/TE,0,0,1,1
RMTC,gene:plasmid:91563,plasmid,0,0,1,1
RMTC,gene:plasmid:91567,plasmid,0,0,1,1
RMTC,gene:plasmid:91573,plasmid,0,0,1,1
RMTC,gene:plasmid:91574,plasmid,0,0,1,1
RMTC,gene:plasmid:91594,plasmid,0,0,1,1
RMTC,gene:plasmid:91595,plasmid,0,0,1,1
RMTC,gene:plasmid:91596,plasmid,0,0,1,1
RMTC,gene:plasmid:91609,plasmid,0,0,1,1
RMTC,gene:plasmid:91612,plasmid,0,0,1,1
RMTC,gene:plasmid:91615,plasmid,0,0,1,1
RMTC,gene:plasmid:91619,plasmid,0,0,1,1
RMTC,gene:plasmid:91621,plasmid,0,0,1,1
RMTC,gene:plasmid:91625,plasmid,0,0,1,1
RMTC,gene:plasmid:91626,plasmid,0,0,1,1
RMTC,gene:plasmid:91631,plasmid,0,0,1,1
RMTC,gene:plasmid:91644,plasmid,0,0,1,1
RMTC,gene:plasmid:91650,plasmid,0,0,1,1
RMTC,gene:plasmid:91679,plasmid,0,0,1,1
RMTC,gene:plasmid:91682,plasmid,0,0,1,1
RMTC,gene:plasmid:91685,plasmid,0,0,1,1
RMTC,gene:plasmid:91693,plasmid,0,0,1,1
RMTC,gene:plasmid:91700,plasmid,0,0,1,1
RMTC,gene:plasmid:91710,plasmid,0,0,1,1
RMTC,gene:plasmid:91714,plasmid,0,0,1,1
RMTC,gene:plasmid:91716,plasmid,0,0,1,1
RPOS,gene:proph:163976,likely IS/TE,0,0,1,2
SAT,gene:plasmid:135617,plasmid,0,1,0,1
SAT,gene:plasmid:15664,plasmid,0,1,0,1
SDEY,gene:proph:170892,prophage,0,0,1,1
SHV,gene:plasmid:83772,plasmid,0,1,0,1
SHV,gene:plasmid:83812,plasmid,0,1,0,1
SILB,gene:plasmid:93486,plasmid,0,0,2,1
SILC,gene:plasmid:139674,plasmid,0,0,1,1
SILC,gene:plasmid:153906,plasmid,0,1,1,1
SILC,gene:plasmid:155964,plasmid,0,1,0,1
SILC,gene:plasmid:155964,plasmid,0,1,1,1
SILC,gene:plasmid:156084,plasmid,0,1,0,1
SILC,gene:plasmid:156110,plasmid,0,1,0,1
SILC,gene:plasmid:156176,plasmid,0,1,0,1
SILC,gene:plasmid:25527,likely IS/TE,0,0,1,1
SILC,gene:plasmid:88298,plasmid,0,1,0,1
SILC,gene:plasmid:88300,likely IS/TE,0,1,0,1
SILC,gene:plasmid:88301,likely IS/TE,0,1,0,1
SILC,gene:plasmid:88302,plasmid,0,1,0,1
SILC,gene:plasmid:88313,plasmid,0,1,0,1
SILC,gene:plasmid:88327,likely IS/TE,0,1,0,1
SILC,gene:plasmid:88444,likely IS/TE,0,1,0,1
SILC,gene:plasmid:88445,likely IS/TE,0,1,0,1
SILC,gene:plasmid:88447,plasmid,0,1,0,1
SILC,gene:plasmid:88455,likely IS/TE,0,1,0,1
SILC,gene:plasmid:88458,plasmid,0,1,0,1
SILC,gene:plasmid:88459,plasmid,0,1,0,1
SILC,gene:plasmid:88460,plasmid,0,1,0,1
SILC,gene:plasmid:88461,plasmid,0,1,0,1
SILC,gene:plasmid:88462,plasmid,0,1,0,1
SILC,gene:plasmid:88463,plasmid,0,1,0,1
SILC,gene:plasmid:88464,plasmid,0,1,0,1
SILC,gene:plasmid:88465,plasmid,0,1,0,1
SILC,gene:plasmid:88466,plasmid,0,1,0,1
SILC,gene:plasmid:88472,plasmid,0,1,0,1
SILC,gene:plasmid:88473,plasmid,0,1,0,1
SILC,gene:plasmid:88475,plasmid,0,1,0,1
SILE,gene:plasmid:153903,plasmid,0,0,2,1
SILP,gene:plasmid:153906,plasmid,0,0,3,1
SILS,gene:plasmid:123269,likely IS/TE,0,1,0,1
SILS,gene:plasmid:123270,likely IS/TE,0,1,0,1
SILS,gene:plasmid:139674,plasmid,0,1,0,1
SITABCD,gene:plasmid:16044,plasmid,0,0,2,1
SITABCD,gene:plasmid:16046,plasmid,0,0,2,1
SITABCD,gene:plasmid:16046,plasmid,0,1,1,1
SITABCD,gene:plasmid:16047,plasmid,0,0,1,1
SITABCD,gene:plasmid:16047,plasmid,0,0,2,1
SODA,gene:plasmid:84585,plasmid,0,0,1,1
SOXRB,gene:plasmid:117440,plasmid,0,0,1,1
SOXRB,gene:plasmid:119689,likely IS/TE,0,0,1,1
SOXRB,gene:plasmid:155982,plasmid,0,0,1,1
SOXRB,gene:plasmid:156169,plasmid,0,0,1,1
SOXRB,gene:plasmid:15811,likely IS/TE,0,0,1,1
SUGE,gene:plasmid:109300,plasmid,0,0,2,1
SUGE,gene:plasmid:109300,plasmid,0,1,0,2
SUGE,gene:plasmid:142103,likely IS/TE,0,0,1,1
SUGE,gene:plasmid:25357,likely IS/TE,0,0,1,1
SUGE,gene:vir:1321,virus,0,0,1,1
SULI,gene:plasmid:16015,likely IS/TE,0,0,1,1
SULII,gene:plasmid:124844,likely IS/TE,0,0,1,1
SULII,gene:plasmid:135202,plasmid,0,1,1,1
SULII,gene:plasmid:91702,likely IS/TE,0,0,1,1
SULIII,gene:plasmid:117750,plasmid,0,1,1,1
SULIII,gene:plasmid:117769,plasmid,0,1,1,1
SULIII,gene:plasmid:117835,plasmid,0,1,1,1
TEM,gene:plasmid:15988,plasmid,0,1,0,1
TEM,gene:plasmid:15993,likely IS/TE,0,1,0,1
TEM,gene:plasmid:91743,plasmid,0,1,0,1
TEM,gene:plasmid:91745,plasmid,0,1,0,1
TEM,gene:plasmid:91746,plasmid,0,1,0,1
TEM,gene:plasmid:91747,plasmid,0,1,0,1
TEM,gene:plasmid:91748,plasmid,0,1,0,1
TEM,gene:plasmid:91749,plasmid,0,1,0,1
TEM,gene:plasmid:91750,plasmid,0,1,0,1
TERW,gene:plasmid:153863,plasmid,0,0,2,1
TERW,gene:plasmid:153864,plasmid,0,0,2,1
TERW,gene:plasmid:153865,plasmid,0,0,2,1
TERW,gene:plasmid:153866,plasmid,0,0,2,1
TERW,gene:plasmid:154080,plasmid,0,0,1,1
TERW,gene:plasmid:154081,plasmid,0,0,1,1
TERZ,gene:plasmid:153867,plasmid,0,0,2,1
TERZ,gene:plasmid:154074,plasmid,0,0,2,1
TET40,gene:plasmid:147544,plasmid,0,1,0,1
TETA,gene:plasmid:121923,likely IS/TE,1,0,3,1
TETA,gene:plasmid:123352,likely IS/TE,1,0,3,1
TETA,gene:plasmid:123353,likely IS/TE,1,0,3,1
TETA,gene:plasmid:123355,likely IS/TE,1,0,3,1
TETA,gene:plasmid:123356,likely IS/TE,1,0,3,1
TETA,gene:plasmid:148146,plasmid,0,0,1,1
TETA,gene:plasmid:84615,likely IS/TE,1,0,3,1
TETD,gene:plasmid:136299,likely IS/TE,0,1,0,1
TETD,gene:plasmid:136301,plasmid,0,1,0,1
TETM,gene:plasmid:13101,plasmid,0,1,0,1
TETQ,gene:plasmid:141421,plasmid,0,1,0,1
TETQ,gene:plasmid:141422,plasmid,0,1,0,1
TETQ,gene:plasmid:141423,plasmid,0,1,0,1
TETQ,gene:plasmid:141424,plasmid,0,1,0,1
TETQ,gene:plasmid:141425,plasmid,0,1,0,1
TETQ,gene:plasmid:141426,plasmid,0,1,0,1
TETQ,gene:plasmid:141427,plasmid,0,1,0,1
TETQ,gene:plasmid:141428,plasmid,0,1,0,1
TETQ,gene:plasmid:141429,plasmid,0,1,0,1
TETQ,gene:plasmid:141431,plasmid,0,1,0,1
TETW,gene:plasmid:145991,plasmid,0,0,1,1
TOLC,gene:plasmid:123257,plasmid,0,1,0,1
YBTP,gene:plasmid:155982,plasmid,0,0,1,1
YBTP,gene:plasmid:156169,plasmid,0,0,1,1
YBTP,gene:proph:163918,prophage,0,0,1,1
YBTP,gene:proph:163934,prophage,0,0,1,1
YBTP,gene:proph:163935,prophage,0,0,1,1
YBTP,gene:proph:163947,prophage,0,0,1,1
YBTP,gene:proph:169113,prophage,0,0,1,1
YCHH,gene:plasmid:117813,likely IS/TE,0,0,1,1
YCHH,gene:plasmid:15993,likely IS/TE,0,0,1,1
YCHH,gene:plasmid:15994,likely IS/TE,0,0,1,1
YCHH,gene:plasmid:25369,likely IS/TE,0,0,1,1
YCHH,gene:proph:163918,prophage,0,0,1,1
YCHH,gene:proph:163934,prophage,0,0,1,1
YCHH,gene:proph:163935,prophage,0,0,1,1
YCHH,gene:proph:163947,prophage,0,0,1,1
YCHH,gene:proph:177582,prophage,0,0,1,1
YCHH,gene:proph:177584,prophage,0,0,1,1
YDEI,gene:proph:159061,prophage,1,0,3,1
YDEI,gene:proph:163928,prophage,1,0,3,1
YDEI,gene:proph:163940,prophage,1,0,3,1
YDEI,gene:proph:172451,prophage,1,0,3,1
YDEI,gene:proph:177577,prophage,1,0,3,1
YDEI,gene:proph:182930,prophage,1,0,3,1
YDEP,gene:plasmid:24248,likely IS/TE,0,0,1,1
YGJH,gene:plasmid:117442,plasmid,0,0,1,1
YGJH,gene:plasmid:117481,likely IS/TE,0,0,1,1
YGJH,gene:plasmid:119683,likely IS/TE,0,0,1,1
YGJH,gene:plasmid:119684,likely IS/TE,0,0,1,1
YGJH,gene:plasmid:121457,likely IS/TE,0,0,1,1
YGJH,gene:plasmid:121458,likely IS/TE,0,0,1,1
YGJH,gene:plasmid:121532,plasmid,0,0,1,1
YGJH,gene:plasmid:123257,plasmid,0,0,1,1
YGJH,gene:plasmid:151300,likely IS/TE,0,0,1,1
YGJH,gene:proph:163834,likely IS/TE,0,0,1,1
YJAA,gene:plasmid:109300,plasmid,0,0,1,1
YJAA,gene:plasmid:114253,likely IS/TE,0,0,1,1
YJAA,gene:plasmid:25357,likely IS/TE,0,0,1,1
ZINT,gene:plasmid:123177,likely IS/TE,0,0,1,1
ZNTR,gene:plasmid:151260,plasmid,0,0,1,3
ZNTR,gene:plasmid:151260,plasmid,0,0,2,1
ZNTR,gene:plasmid:151260,plasmid,0,1,1,1
ZNTR,gene:plasmid:151260,plasmid,0,1,2,1
ZUPT,gene:plasmid:123257,plasmid,1,0,3,1
ZUR,gene:proph:172561,prophage,0,0,1,1
ZUR,gene:proph:176800,prophage,0,0,1,1
ZUR,gene:proph:176805,prophage,0,0,1,1
ZUR,gene:proph:179486,prophage,0,0,1,1
ZUR,gene:proph:181113,prophage,0,0,1,1
ZUR,gene:proph:181147,prophage,0,0,1,1
ZUR,gene:proph:181149,prophage,0,0,1,1
ZUR,gene:proph:181161,prophage,0,0,1,1
ZUR,gene:vir:4542,virus,0,0,1,1
ZUR,gene:vir:4546,virus,0,0,1,1
ZUR,gene:vir:4547,virus,0,0,1,1
ZUR,gene:vir:4549,virus,0,0,1,1
ZUR,gene:vir:79547,virus,0,0,1,1
ZUR,gene:vir:79550,virus,0,0,1,1
ZUR,gene:vir:79561,virus,0,0,1,1
ZUR,gene:vir:79572,virus,0,0,1,1
