ARG_Name,MGE_Name,MGE_Group_Name,Patient_ID,Label
CORA,gene:plasmid:24561,plasmid,6,PreFMT & PostFMT Only
CORB,gene:proph:163976,likely IS/TE,6,PreFMT & PostFMT Only
CORB,gene:proph:170540,prophage,6,PreFMT & PostFMT Only
SUGE,gene:plasmid:109300,plasmid,6,PreFMT & PostFMT Only
ZNTR,gene:plasmid:151260,plasmid,6,PreFMT & PostFMT Only
CORA,gene:plasmid:123244,plasmid,7,PreFMT & PostFMT Only
CORA,gene:plasmid:123245,plasmid,7,PreFMT & PostFMT Only
CORA,gene:plasmid:123246,plasmid,7,PreFMT & PostFMT Only
CORA,gene:plasmid:123247,plasmid,7,PreFMT & PostFMT Only
CORA,gene:plasmid:123248,plasmid,7,PreFMT & PostFMT Only
CORA,gene:plasmid:123249,plasmid,7,PreFMT & PostFMT Only
CORA,gene:plasmid:123250,plasmid,7,PreFMT & PostFMT Only
CORA,gene:plasmid:123251,plasmid,7,PreFMT & PostFMT Only
CORA,gene:plasmid:123252,plasmid,7,PreFMT & PostFMT Only
CORA,gene:plasmid:123253,plasmid,7,PreFMT & PostFMT Only
CORA,gene:plasmid:123254,plasmid,7,PreFMT & PostFMT Only
CORA,gene:plasmid:24561,plasmid,7,PreFMT & PostFMT Only
CORB,gene:proph:163976,likely IS/TE,7,PreFMT & PostFMT Only
CRP,gene:plasmid:21818,plasmid,7,PreFMT & PostFMT Only
FECD,gene:plasmid:156052,plasmid,7,PreFMT & PostFMT Only
MPHA,gene:plasmid:158836,plasmid,7,PreFMT & PostFMT Only
SUGE,gene:plasmid:109300,plasmid,7,PreFMT & PostFMT Only
ZINT,gene:plasmid:156169,plasmid,7,PreFMT & PostFMT Only
ASR,gene:proph:163921,prophage,8,PreFMT & PostFMT Only
ASR,gene:proph:163927,prophage,8,PreFMT & PostFMT Only
ASR,gene:proph:163942,prophage,8,PreFMT & PostFMT Only
COPA,gene:plasmid:88437,plasmid,8,PreFMT & PostFMT Only
YDEI,gene:proph:163928,prophage,8,PreFMT & PostFMT Only
YDEI,gene:proph:163940,prophage,8,PreFMT & PostFMT Only
ZNTR,gene:plasmid:151260,plasmid,8,PreFMT & PostFMT Only
SUGE,gene:plasmid:109300,plasmid,12,PreFMT & PostFMT Only
VANRA,gene:plasmid:146017,plasmid,15,PreFMT & PostFMT Only
VANRA,gene:plasmid:28749,plasmid,15,PreFMT & PostFMT Only
CORA,gene:proph:159396,prophage,16,PreFMT & PostFMT Only
ACRD,gene:proph:183597,prophage,17,PreFMT & PostFMT Only
AMPH,gene:plasmid:88436,plasmid,17,PreFMT & PostFMT Only
CORA,gene:plasmid:24561,plasmid,17,PreFMT & PostFMT Only
CORA,gene:proph:159396,prophage,17,PreFMT & PostFMT Only
FECD,gene:plasmid:156052,plasmid,17,PreFMT & PostFMT Only
AMPH,gene:plasmid:88437,plasmid,18,PreFMT & PostFMT Only
CORA,gene:plasmid:24561,plasmid,18,PreFMT & PostFMT Only
CRP,gene:plasmid:21818,plasmid,18,PreFMT & PostFMT Only
ZNTR,gene:plasmid:151260,plasmid,18,PreFMT & PostFMT Only
CORA,gene:plasmid:24561,plasmid,19,PreFMT & PostFMT Only
FECD,gene:plasmid:156052,plasmid,19,PreFMT & PostFMT Only
LSA,ICEberg|101|Tn5385|GenBank|...,ICE,19,PreFMT & PostFMT Only
VANRA,gene:plasmid:28749,plasmid,19,PreFMT & PostFMT Only
ZNTR,gene:plasmid:151260,plasmid,19,PreFMT & PostFMT Only
ACRD,gene:proph:183597,prophage,20,PreFMT & PostFMT Only
ARSB,gene:plasmid:91925,plasmid,20,PreFMT & PostFMT Only
CORB,gene:proph:163976,likely IS/TE,20,PreFMT & PostFMT Only
CRP,gene:plasmid:120162,plasmid,20,PreFMT & PostFMT Only
CRP,gene:plasmid:21818,plasmid,20,PreFMT & PostFMT Only
FECD,gene:plasmid:156052,plasmid,20,PreFMT & PostFMT Only
KMRA,gene:plasmid:149414,plasmid,20,PreFMT & PostFMT Only
MNTH,gene:plasmid:134726,plasmid,20,PreFMT & PostFMT Only
ZNTR,gene:plasmid:151260,plasmid,20,PreFMT & PostFMT Only
CORA,gene:plasmid:24561,plasmid,21,PreFMT & PostFMT Only
CORA,gene:proph:159396,prophage,21,PreFMT & PostFMT Only
FECD,gene:plasmid:156052,plasmid,21,PreFMT & PostFMT Only
MPHA,gene:plasmid:14231,plasmid,21,PreFMT & PostFMT Only
MVRC,gene:proph:163861,prophage,22,PreFMT & PostFMT Only
CORA,gene:plasmid:123244,plasmid,32,PreFMT & PostFMT Only
CORA,gene:plasmid:123245,plasmid,32,PreFMT & PostFMT Only
CORA,gene:plasmid:123246,plasmid,32,PreFMT & PostFMT Only
CORA,gene:plasmid:123247,plasmid,32,PreFMT & PostFMT Only
CORA,gene:plasmid:123248,plasmid,32,PreFMT & PostFMT Only
CORA,gene:plasmid:123249,plasmid,32,PreFMT & PostFMT Only
CORA,gene:plasmid:123250,plasmid,32,PreFMT & PostFMT Only
CORA,gene:plasmid:123251,plasmid,32,PreFMT & PostFMT Only
CORA,gene:plasmid:123252,plasmid,32,PreFMT & PostFMT Only
CORA,gene:plasmid:123253,plasmid,32,PreFMT & PostFMT Only
CORA,gene:plasmid:123254,plasmid,32,PreFMT & PostFMT Only
CORA,gene:plasmid:24561,plasmid,32,PreFMT & PostFMT Only
CORA,gene:proph:159396,prophage,32,PreFMT & PostFMT Only
CORB,gene:plasmid:93482,plasmid,32,PreFMT & PostFMT Only
CORB,gene:proph:163976,likely IS/TE,32,PreFMT & PostFMT Only
DSBA,gene:plasmid:84585,plasmid,32,PreFMT & PostFMT Only
EVGA,gene:plasmid:134726,plasmid,32,PreFMT & PostFMT Only
GADC,gene:plasmid:142103,likely IS/TE,32,PreFMT & PostFMT Only
GADX,gene:plasmid:21818,plasmid,32,PreFMT & PostFMT Only
GADX,gene:plasmid:24694,plasmid,32,PreFMT & PostFMT Only
KDPE,gene:proph:183637,prophage,32,PreFMT & PostFMT Only
MARR,ICEberg|74|ICEEcIHE3034-1|G...,ICE,32,PreFMT & PostFMT Only
MARR,gene:plasmid:155982,plasmid,32,PreFMT & PostFMT Only
MARR,gene:plasmid:156169,plasmid,32,PreFMT & PostFMT Only
MARR,gene:proph:183581,prophage,32,PreFMT & PostFMT Only
MDTA,gene:proph:181243,prophage,32,PreFMT & PostFMT Only
MODA,gene:proph:161578,prophage,32,PreFMT & PostFMT Only
MODA,gene:proph:161580,prophage,32,PreFMT & PostFMT Only
MODA,gene:proph:161581,prophage,32,PreFMT & PostFMT Only
MODA,gene:proph:175234,likely IS/TE,32,PreFMT & PostFMT Only
MODA,gene:proph:179392,prophage,32,PreFMT & PostFMT Only
MODA,gene:proph:179396,prophage,32,PreFMT & PostFMT Only
MODA,gene:proph:182947,prophage,32,PreFMT & PostFMT Only
MODA,gene:proph:182948,prophage,32,PreFMT & PostFMT Only
MODA,gene:proph:182949,prophage,32,PreFMT & PostFMT Only
MODA,gene:proph:182973,prophage,32,PreFMT & PostFMT Only
MODA,gene:proph:182979,prophage,32,PreFMT & PostFMT Only
MODA,gene:proph:182981,prophage,32,PreFMT & PostFMT Only
MODA,gene:proph:182982,prophage,32,PreFMT & PostFMT Only
MODA,gene:proph:182983,prophage,32,PreFMT & PostFMT Only
MODA,gene:proph:182984,prophage,32,PreFMT & PostFMT Only
NFSA,gene:proph:163818,prophage,32,PreFMT & PostFMT Only
NFSA,gene:proph:172516,prophage,32,PreFMT & PostFMT Only
NFSA,gene:proph:172517,prophage,32,PreFMT & PostFMT Only
NFSA,gene:proph:172518,prophage,32,PreFMT & PostFMT Only
NFSA,gene:proph:172519,prophage,32,PreFMT & PostFMT Only
NFSA,gene:proph:172520,prophage,32,PreFMT & PostFMT Only
NFSA,gene:proph:172521,prophage,32,PreFMT & PostFMT Only
NFSA,gene:proph:172522,prophage,32,PreFMT & PostFMT Only
NFSA,gene:proph:172523,prophage,32,PreFMT & PostFMT Only
NFSA,gene:proph:172524,prophage,32,PreFMT & PostFMT Only
NFSA,gene:proph:173748,prophage,32,PreFMT & PostFMT Only
NFSA,gene:proph:175031,prophage,32,PreFMT & PostFMT Only
NFSA,gene:proph:176039,prophage,32,PreFMT & PostFMT Only
NFSA,gene:proph:176040,prophage,32,PreFMT & PostFMT Only
NFSA,gene:proph:176073,prophage,32,PreFMT & PostFMT Only
NFSA,gene:proph:176074,prophage,32,PreFMT & PostFMT Only
NFSA,gene:proph:176753,prophage,32,PreFMT & PostFMT Only
NFSA,gene:proph:176757,prophage,32,PreFMT & PostFMT Only
NFSA,gene:proph:176758,prophage,32,PreFMT & PostFMT Only
NFSA,gene:proph:176763,prophage,32,PreFMT & PostFMT Only
NFSA,gene:proph:176764,prophage,32,PreFMT & PostFMT Only
NFSA,gene:proph:176765,prophage,32,PreFMT & PostFMT Only
NFSA,gene:proph:176768,prophage,32,PreFMT & PostFMT Only
NFSA,gene:proph:176772,prophage,32,PreFMT & PostFMT Only
NFSA,gene:proph:176778,prophage,32,PreFMT & PostFMT Only
NFSA,gene:proph:176779,prophage,32,PreFMT & PostFMT Only
NFSA,gene:proph:176780,prophage,32,PreFMT & PostFMT Only
NFSA,gene:proph:176786,prophage,32,PreFMT & PostFMT Only
NFSA,gene:proph:176788,prophage,32,PreFMT & PostFMT Only
NFSA,gene:proph:176790,prophage,32,PreFMT & PostFMT Only
NFSA,gene:proph:176791,prophage,32,PreFMT & PostFMT Only
NFSA,gene:proph:176793,prophage,32,PreFMT & PostFMT Only
NFSA,gene:proph:176797,prophage,32,PreFMT & PostFMT Only
NFSA,gene:proph:176813,prophage,32,PreFMT & PostFMT Only
NFSA,gene:proph:176814,prophage,32,PreFMT & PostFMT Only
NFSA,gene:proph:179418,prophage,32,PreFMT & PostFMT Only
NFSA,gene:proph:179420,prophage,32,PreFMT & PostFMT Only
NFSA,gene:proph:179426,prophage,32,PreFMT & PostFMT Only
NFSA,gene:proph:179433,prophage,32,PreFMT & PostFMT Only
NFSA,gene:proph:181166,prophage,32,PreFMT & PostFMT Only
NFSA,gene:proph:181168,prophage,32,PreFMT & PostFMT Only
NFSA,gene:proph:181174,prophage,32,PreFMT & PostFMT Only
NFSA,gene:proph:181177,prophage,32,PreFMT & PostFMT Only
NFSA,gene:proph:181180,prophage,32,PreFMT & PostFMT Only
NFSA,gene:proph:181182,prophage,32,PreFMT & PostFMT Only
NFSA,gene:proph:181193,prophage,32,PreFMT & PostFMT Only
NFSA,gene:proph:181194,prophage,32,PreFMT & PostFMT Only
NFSA,gene:proph:181195,prophage,32,PreFMT & PostFMT Only
NFSA,gene:proph:181197,prophage,32,PreFMT & PostFMT Only
NFSA,gene:proph:181203,prophage,32,PreFMT & PostFMT Only
NFSA,gene:proph:181206,prophage,32,PreFMT & PostFMT Only
NFSA,gene:proph:181209,prophage,32,PreFMT & PostFMT Only
NFSA,gene:proph:181211,prophage,32,PreFMT & PostFMT Only
NFSA,gene:proph:181212,prophage,32,PreFMT & PostFMT Only
NFSA,gene:proph:181213,prophage,32,PreFMT & PostFMT Only
NFSA,gene:proph:181225,prophage,32,PreFMT & PostFMT Only
NFSA,gene:proph:182959,prophage,32,PreFMT & PostFMT Only
NFSA,gene:proph:183003,prophage,32,PreFMT & PostFMT Only
NFSA,gene:proph:184574,prophage,32,PreFMT & PostFMT Only
NFSA,gene:vir:10232,virus,32,PreFMT & PostFMT Only
NFSA,gene:vir:108544,virus,32,PreFMT & PostFMT Only
NFSA,gene:vir:1915,virus,32,PreFMT & PostFMT Only
NFSA,gene:vir:95339,virus,32,PreFMT & PostFMT Only
NHAA,gene:plasmid:16111,likely IS/TE,32,PreFMT & PostFMT Only
NHAA,gene:proph:181243,prophage,32,PreFMT & PostFMT Only
PSTS,gene:proph:176869,prophage,32,PreFMT & PostFMT Only
TEM,gene:plasmid:119647,plasmid,32,PreFMT & PostFMT Only
TEM,gene:plasmid:119649,plasmid,32,PreFMT & PostFMT Only
TEM,gene:plasmid:123182,plasmid,32,PreFMT & PostFMT Only
TEM,gene:plasmid:15979,plasmid,32,PreFMT & PostFMT Only
TEM,gene:plasmid:19728,plasmid,32,PreFMT & PostFMT Only
TETB,gene:plasmid:119652,likely IS/TE,32,PreFMT & PostFMT Only
TETB,gene:plasmid:119653,plasmid,32,PreFMT & PostFMT Only
TETB,gene:plasmid:119654,plasmid,32,PreFMT & PostFMT Only
TETB,gene:plasmid:119655,plasmid,32,PreFMT & PostFMT Only
TETB,gene:plasmid:119656,plasmid,32,PreFMT & PostFMT Only
TETB,gene:plasmid:119657,plasmid,32,PreFMT & PostFMT Only
TETB,gene:plasmid:119658,plasmid,32,PreFMT & PostFMT Only
TETB,gene:plasmid:119659,plasmid,32,PreFMT & PostFMT Only
TETB,gene:plasmid:119660,plasmid,32,PreFMT & PostFMT Only
TETB,gene:plasmid:119661,plasmid,32,PreFMT & PostFMT Only
TETB,gene:plasmid:119662,plasmid,32,PreFMT & PostFMT Only
TETB,gene:plasmid:88444,likely IS/TE,32,PreFMT & PostFMT Only
UGD,gene:plasmid:84622,likely IS/TE,32,PreFMT & PostFMT Only
YJAA,gene:plasmid:109300,plasmid,32,PreFMT & PostFMT Only
ACRD,gene:proph:163979,prophage,34,PreFMT & PostFMT Only
MDTB,gene:plasmid:134726,plasmid,34,PreFMT & PostFMT Only
MDTK,gene:plasmid:149415,plasmid,34,PreFMT & PostFMT Only
MDTK,gene:plasmid:153884,plasmid,34,PreFMT & PostFMT Only
MDTK,gene:plasmid:153886,plasmid,34,PreFMT & PostFMT Only
MDTK,gene:plasmid:21988,plasmid,34,PreFMT & PostFMT Only
MDTK,gene:plasmid:91800,plasmid,34,PreFMT & PostFMT Only
MDTK,gene:plasmid:93474,plasmid,34,PreFMT & PostFMT Only
MDTK,gene:plasmid:93475,plasmid,34,PreFMT & PostFMT Only
MGTA,gene:proph:170528,prophage,34,PreFMT & PostFMT Only
MGTA,gene:proph:170535,prophage,34,PreFMT & PostFMT Only
MGTA,gene:proph:170536,prophage,34,PreFMT & PostFMT Only
MGTA,gene:proph:170540,prophage,34,PreFMT & PostFMT Only
MGTA,gene:vir:513,virus,34,PreFMT & PostFMT Only
OQXA,gene:plasmid:119871,plasmid,34,PreFMT & PostFMT Only
OQXA,gene:plasmid:149415,plasmid,34,PreFMT & PostFMT Only
OQXA,gene:plasmid:21988,plasmid,34,PreFMT & PostFMT Only
OQXA,gene:vir:105028,virus,34,PreFMT & PostFMT Only
RPOS,gene:plasmid:117744,likely IS/TE,34,PreFMT & PostFMT Only
RPOS,gene:plasmid:117746,likely IS/TE,34,PreFMT & PostFMT Only
RPOS,gene:plasmid:21336,plasmid,34,PreFMT & PostFMT Only
RPOS,gene:plasmid:21843,plasmid,34,PreFMT & PostFMT Only
SILC,gene:plasmid:121554,plasmid,34,PreFMT & PostFMT Only
SILC,gene:plasmid:153906,plasmid,34,PreFMT & PostFMT Only
SILC,gene:plasmid:155952,plasmid,34,PreFMT & PostFMT Only
SILC,gene:plasmid:155964,plasmid,34,PreFMT & PostFMT Only
SILC,gene:plasmid:156035,plasmid,34,PreFMT & PostFMT Only
SILC,gene:plasmid:156119,plasmid,34,PreFMT & PostFMT Only
SILC,gene:plasmid:156134,plasmid,34,PreFMT & PostFMT Only
SILC,gene:plasmid:156145,plasmid,34,PreFMT & PostFMT Only
SILC,gene:plasmid:88313,plasmid,34,PreFMT & PostFMT Only
SILC,gene:plasmid:88459,plasmid,34,PreFMT & PostFMT Only
SILC,gene:plasmid:88461,plasmid,34,PreFMT & PostFMT Only
SILC,gene:plasmid:88462,plasmid,34,PreFMT & PostFMT Only
SILC,gene:plasmid:88824,plasmid,34,PreFMT & PostFMT Only
CFX,gene:plasmid:141426,plasmid,36,PreFMT & PostFMT Only
CFX,gene:plasmid:141426,plasmid,38,PreFMT & PostFMT Only
ARSB,gene:plasmid:88437,plasmid,45,PreFMT & PostFMT Only
ARSB,gene:plasmid:91925,plasmid,45,PreFMT & PostFMT Only
ARSB,gene:plasmid:91966,likely IS/TE,45,PreFMT & PostFMT Only
ARSB,gene:plasmid:91985,plasmid,45,PreFMT & PostFMT Only
CFX,gene:plasmid:141426,plasmid,47,PreFMT & PostFMT Only
CFX,gene:plasmid:141426,plasmid,52,PreFMT & PostFMT Only
SULII,gene:plasmid:135202,plasmid,52,PreFMT & PostFMT Only
CATA,gene:plasmid:84454,plasmid,53,PreFMT & PostFMT Only
CMY,gene:plasmid:14229,likely IS/TE,53,PreFMT & PostFMT Only
CMY,gene:plasmid:91534,plasmid,53,PreFMT & PostFMT Only
CMY,gene:plasmid:91536,plasmid,53,PreFMT & PostFMT Only
CMY,gene:plasmid:91561,plasmid,53,PreFMT & PostFMT Only
CMY,gene:plasmid:91567,plasmid,53,PreFMT & PostFMT Only
CMY,gene:plasmid:91568,plasmid,53,PreFMT & PostFMT Only
CMY,gene:plasmid:91572,plasmid,53,PreFMT & PostFMT Only
CMY,gene:plasmid:91574,plasmid,53,PreFMT & PostFMT Only
CMY,gene:plasmid:91603,plasmid,53,PreFMT & PostFMT Only
CMY,gene:plasmid:91609,plasmid,53,PreFMT & PostFMT Only
CMY,gene:plasmid:91615,plasmid,53,PreFMT & PostFMT Only
CMY,gene:plasmid:91637,plasmid,53,PreFMT & PostFMT Only
CMY,gene:plasmid:91641,plasmid,53,PreFMT & PostFMT Only
CMY,gene:plasmid:91642,plasmid,53,PreFMT & PostFMT Only
CMY,gene:plasmid:91649,plasmid,53,PreFMT & PostFMT Only
CMY,gene:plasmid:91660,plasmid,53,PreFMT & PostFMT Only
CMY,gene:plasmid:91666,plasmid,53,PreFMT & PostFMT Only
CMY,gene:plasmid:91674,plasmid,53,PreFMT & PostFMT Only
CMY,gene:plasmid:91675,plasmid,53,PreFMT & PostFMT Only
CMY,gene:plasmid:91682,plasmid,53,PreFMT & PostFMT Only
CMY,gene:plasmid:91689,plasmid,53,PreFMT & PostFMT Only
CMY,gene:plasmid:91695,plasmid,53,PreFMT & PostFMT Only
ZNTR,gene:plasmid:151260,plasmid,53,PreFMT & PostFMT Only
LNUC,gene:proph:175690,prophage,54,PreFMT & PostFMT Only
LNUC,gene:proph:181669,prophage,54,PreFMT & PostFMT Only
LNUC,gene:proph:181670,prophage,54,PreFMT & PostFMT Only
MNTH,gene:plasmid:134726,plasmid,55,PreFMT & PostFMT Only
CATA,gene:plasmid:133251,plasmid,56,PreFMT & PostFMT Only
CATA,gene:plasmid:87041,plasmid,56,PreFMT & PostFMT Only
LSA,ICEberg|101|Tn5385|GenBank|...,ICE,56,PreFMT & PostFMT Only
AAC3,gene:plasmid:118521,likely IS/TE,57,PreFMT & PostFMT Only
AAC3,gene:plasmid:148233,plasmid,57,PreFMT & PostFMT Only
AAC6-PRIME,gene:plasmid:97769,plasmid,57,PreFMT & PostFMT Only
EFMA,gene:plasmid:136837,plasmid,57,PreFMT & PostFMT Only
FECD,gene:plasmid:156052,plasmid,57,PreFMT & PostFMT Only
MPHA,gene:plasmid:158838,plasmid,57,PreFMT & PostFMT Only
ZNTR,gene:plasmid:151260,plasmid,57,PreFMT & PostFMT Only
AAC3,gene:plasmid:118521,likely IS/TE,58,PreFMT & PostFMT Only
AAC3,gene:plasmid:148233,plasmid,58,PreFMT & PostFMT Only
ARSRM,gene:plasmid:88468,plasmid,58,PreFMT & PostFMT Only
FECD,gene:plasmid:156052,plasmid,58,PreFMT & PostFMT Only
MVRC,gene:proph:163835,prophage,58,PreFMT & PostFMT Only
MVRC,gene:proph:163861,prophage,58,PreFMT & PostFMT Only
MVRC,gene:proph:176056,prophage,58,PreFMT & PostFMT Only
NMPC,gene:proph:159028,prophage,58,PreFMT & PostFMT Only
NMPC,gene:proph:163837,prophage,58,PreFMT & PostFMT Only
QNRS,gene:plasmid:24949,likely IS/TE,58,PreFMT & PostFMT Only
SILC,gene:plasmid:153906,plasmid,58,PreFMT & PostFMT Only
SILC,gene:plasmid:155964,plasmid,58,PreFMT & PostFMT Only
SITABCD,gene:plasmid:16046,plasmid,58,PreFMT & PostFMT Only
SULIII,gene:plasmid:117750,plasmid,58,PreFMT & PostFMT Only
SULIII,gene:plasmid:117769,plasmid,58,PreFMT & PostFMT Only
SULIII,gene:plasmid:117835,plasmid,58,PreFMT & PostFMT Only
ZNTR,gene:plasmid:151260,plasmid,33,PreFMT, Donor & PostFMT
CFX,gene:plasmid:141426,plasmid,41,PreFMT, Donor & PostFMT
CFX,gene:plasmid:141426,plasmid,43,PreFMT, Donor & PostFMT
CFX,gene:plasmid:141426,plasmid,51,PreFMT, Donor & PostFMT
FECD,gene:plasmid:156052,plasmid,55,PreFMT, Donor & PostFMT
CFX,gene:plasmid:141426,plasmid,58,PreFMT, Donor & PostFMT
