ARG_ID,MGE_ID,Donor,Pre,Post,PatientCount
AAC3,gene:plasmid:14303,0,0,1,2
AAC3,gene:plasmid:14303,1,0,1,1
AAC3,gene:plasmid:14304,0,0,1,2
AAC3,gene:plasmid:14304,1,0,1,1
AAC3,gene:plasmid:148233,0,0,1,2
AAC3,gene:plasmid:148233,0,1,1,2
AAC3,gene:plasmid:158830,0,0,1,2
AAC3,gene:plasmid:158830,1,0,1,1
AAC6-PRIME,gene:plasmid:13101,0,1,0,1
AAC6-PRIME,gene:plasmid:136912,1,0,0,1
AAC6-PRIME,gene:plasmid:15542,1,0,0,2
AAC6-PRIME,gene:plasmid:28968,0,0,1,1
AAC6-PRIME,gene:plasmid:28968,1,0,0,2
AAC6-PRIME,gene:plasmid:97769,0,1,1,1
ACN,gene:plasmid:118383,0,0,1,1
ACN,gene:plasmid:28516,0,0,1,1
ACN,gene:plasmid:28516,1,0,0,1
ACRD,gene:plasmid:142099,0,1,0,1
ACRS,gene:plasmid:123257,0,0,1,2
ACRS,gene:plasmid:123257,0,1,0,2
ACRS,gene:plasmid:123257,1,0,0,1
ACRS,gene:plasmid:93474,0,0,1,1
ACRS,gene:plasmid:93482,0,0,1,1
AMPH,gene:plasmid:123173,0,0,1,1
AMPH,gene:plasmid:123175,0,0,1,2
AMPH,gene:plasmid:148055,0,0,1,1
AMPH,gene:plasmid:21909,0,1,0,1
AMPH,gene:plasmid:87452,0,1,0,1
AMPH,gene:plasmid:88435,0,0,1,2
AMPH,gene:plasmid:88435,0,1,0,1
AMPH,gene:plasmid:88436,0,0,1,2
AMPH,gene:plasmid:88436,0,1,0,2
AMPH,gene:plasmid:88436,0,1,1,1
AMPH,gene:plasmid:88436,1,0,0,1
AMPH,gene:plasmid:88437,0,0,1,3
AMPH,gene:plasmid:88437,0,1,0,3
AMPH,gene:plasmid:88437,0,1,1,1
ANT3-DPRIME,gene:plasmid:117709,0,0,1,1
ANT3-DPRIME,gene:plasmid:117709,0,1,0,1
ANT3-DPRIME,gene:plasmid:117711,0,0,1,1
ANT3-DPRIME,gene:plasmid:117712,0,0,1,1
ANT3-DPRIME,gene:plasmid:117713,0,0,1,1
ANT3-DPRIME,gene:plasmid:117713,0,1,0,1
ANT3-DPRIME,gene:plasmid:117714,0,0,1,1
ANT3-DPRIME,gene:plasmid:117715,0,0,1,1
ANT3-DPRIME,gene:plasmid:117716,0,0,1,1
ANT3-DPRIME,gene:plasmid:117717,0,0,1,1
ANT3-DPRIME,gene:plasmid:117736,0,1,0,1
ANT3-DPRIME,gene:plasmid:117738,0,0,1,1
ANT3-DPRIME,gene:plasmid:117738,0,1,0,1
ANT3-DPRIME,gene:plasmid:117740,0,0,1,1
ANT3-DPRIME,gene:plasmid:117742,0,0,1,1
ANT3-DPRIME,gene:plasmid:117742,0,1,0,1
ANT3-DPRIME,gene:plasmid:117819,0,1,0,1
ANT3-DPRIME,gene:plasmid:117821,0,0,1,1
ANT3-DPRIME,gene:plasmid:117821,0,1,0,1
ANT3-DPRIME,gene:plasmid:117823,0,0,1,1
ANT3-DPRIME,gene:plasmid:117823,0,1,0,1
ANT3-DPRIME,gene:plasmid:119667,0,0,1,1
ANT3-DPRIME,gene:plasmid:121415,0,0,1,1
ANT3-DPRIME,gene:plasmid:121415,0,1,0,1
ANT3-DPRIME,gene:plasmid:121416,0,0,1,1
ANT3-DPRIME,gene:plasmid:121416,0,1,0,1
ANT3-DPRIME,gene:plasmid:121434,0,0,1,1
ANT3-DPRIME,gene:plasmid:121436,0,0,1,1
ANT3-DPRIME,gene:plasmid:121436,0,1,0,1
ANT3-DPRIME,gene:plasmid:121505,0,0,1,1
ANT3-DPRIME,gene:plasmid:121510,0,0,1,1
ANT3-DPRIME,gene:plasmid:121510,0,1,0,1
ANT3-DPRIME,gene:plasmid:121584,0,0,1,1
ANT3-DPRIME,gene:plasmid:121584,0,1,0,1
ANT3-DPRIME,gene:plasmid:123182,0,0,1,1
ANT3-DPRIME,gene:plasmid:151217,0,1,0,1
ANT3-DPRIME,gene:plasmid:151237,0,1,0,1
ANT3-DPRIME,gene:plasmid:151239,0,0,1,1
ANT3-DPRIME,gene:plasmid:151239,0,1,0,1
ANT3-DPRIME,gene:plasmid:151240,0,1,0,1
ANT3-DPRIME,gene:plasmid:151241,0,1,0,1
ANT3-DPRIME,gene:plasmid:151243,0,0,1,1
ANT3-DPRIME,gene:plasmid:151243,0,1,0,1
ANT3-DPRIME,gene:plasmid:151245,0,1,0,1
ANT3-DPRIME,gene:plasmid:151254,0,0,1,1
ANT3-DPRIME,gene:plasmid:151273,0,0,1,1
ANT3-DPRIME,gene:plasmid:151273,0,1,0,1
ANT3-DPRIME,gene:plasmid:151274,0,0,1,1
ANT3-DPRIME,gene:plasmid:151274,0,1,0,1
ANT3-DPRIME,gene:plasmid:151275,0,0,1,1
ANT3-DPRIME,gene:plasmid:151275,0,1,0,1
ANT3-DPRIME,gene:plasmid:151286,0,0,1,1
ANT3-DPRIME,gene:plasmid:151291,0,0,1,1
ANT3-DPRIME,gene:plasmid:151291,0,1,0,1
ANT3-DPRIME,gene:plasmid:151429,0,0,1,1
ANT3-DPRIME,gene:plasmid:151429,0,1,0,1
ANT3-DPRIME,gene:plasmid:15989,0,0,1,1
ANT3-DPRIME,gene:plasmid:19399,0,0,1,1
ANT3-DPRIME,gene:plasmid:19401,0,0,1,1
ANT3-DPRIME,gene:plasmid:19402,0,0,1,1
ANT3-DPRIME,gene:plasmid:19403,0,0,1,1
ANT3-DPRIME,gene:plasmid:19403,0,1,0,1
ANT3-DPRIME,gene:plasmid:19404,0,0,1,1
ANT3-DPRIME,gene:plasmid:19404,0,1,0,1
ANT3-DPRIME,gene:plasmid:19405,0,0,1,1
ANT3-DPRIME,gene:plasmid:19405,0,1,0,1
ANT3-DPRIME,gene:plasmid:19406,0,0,1,1
ANT3-DPRIME,gene:plasmid:19407,0,0,1,1
ANT3-DPRIME,gene:plasmid:19407,0,1,0,1
ANT3-DPRIME,gene:plasmid:19408,0,0,1,1
ANT3-DPRIME,gene:plasmid:19408,0,1,0,1
ANT3-DPRIME,gene:plasmid:19409,0,0,1,1
ANT3-DPRIME,gene:plasmid:19409,0,1,0,1
ANT3-DPRIME,gene:plasmid:19413,0,0,1,1
ANT3-DPRIME,gene:plasmid:19413,0,1,0,1
ANT3-DPRIME,gene:plasmid:19447,0,0,1,1
ANT3-DPRIME,gene:plasmid:19447,0,1,0,1
ANT3-DPRIME,gene:plasmid:19451,0,0,1,1
ANT3-DPRIME,gene:plasmid:19453,0,0,1,1
ANT3-DPRIME,gene:plasmid:19454,0,0,1,1
ANT3-DPRIME,gene:plasmid:19455,0,0,1,1
ANT3-DPRIME,gene:plasmid:19456,0,0,1,1
ANT3-DPRIME,gene:plasmid:19464,0,1,0,1
ANT3-DPRIME,gene:plasmid:19467,0,0,1,1
ANT3-DPRIME,gene:plasmid:19467,0,1,0,1
ANT3-DPRIME,gene:plasmid:19468,0,0,1,1
ANT3-DPRIME,gene:plasmid:19489,0,0,1,1
ANT3-DPRIME,gene:plasmid:19493,0,0,1,1
ANT3-DPRIME,gene:plasmid:19493,0,1,0,1
ANT3-DPRIME,gene:plasmid:19497,0,0,1,1
ANT3-DPRIME,gene:plasmid:19497,0,1,0,1
ANT3-DPRIME,gene:plasmid:19506,0,0,1,1
ANT3-DPRIME,gene:plasmid:19506,0,1,0,1
ANT3-DPRIME,gene:plasmid:24743,0,0,1,1
ANT3-DPRIME,gene:plasmid:24743,0,1,0,1
ANT3-DPRIME,gene:plasmid:24751,0,0,1,1
ANT3-DPRIME,gene:plasmid:24751,0,1,0,1
ANT3-DPRIME,gene:plasmid:24760,0,0,1,1
ANT3-DPRIME,gene:plasmid:24763,0,0,1,1
ANT3-DPRIME,gene:plasmid:24763,0,1,0,1
ANT3-DPRIME,gene:plasmid:24764,0,0,1,1
ANT3-DPRIME,gene:plasmid:24765,0,1,0,1
ANT3-DPRIME,gene:plasmid:24766,0,1,0,1
ANT3-DPRIME,gene:plasmid:24768,0,1,0,1
ANT3-DPRIME,gene:plasmid:24769,0,0,1,1
ANT3-DPRIME,gene:plasmid:24769,0,1,0,1
ANT3-DPRIME,gene:plasmid:24770,0,0,1,1
ANT3-DPRIME,gene:plasmid:24770,0,1,0,1
ANT3-DPRIME,gene:plasmid:24771,0,1,0,1
ANT3-DPRIME,gene:plasmid:24773,0,1,0,1
ANT3-DPRIME,gene:plasmid:24775,0,1,0,1
ANT3-DPRIME,gene:plasmid:24776,0,1,0,1
ANT3-DPRIME,gene:plasmid:24777,0,1,0,1
ANT3-DPRIME,gene:plasmid:24778,0,1,0,1
ANT3-DPRIME,gene:plasmid:24779,0,1,0,1
ANT3-DPRIME,gene:plasmid:24780,0,1,0,1
ANT3-DPRIME,gene:plasmid:24781,0,1,0,1
ANT3-DPRIME,gene:plasmid:24791,0,1,0,1
ANT3-DPRIME,gene:plasmid:24793,0,0,1,1
ANT3-DPRIME,gene:plasmid:24793,0,1,0,1
ANT3-DPRIME,gene:plasmid:24796,0,0,1,1
ANT3-DPRIME,gene:plasmid:24797,0,0,1,1
ANT3-DPRIME,gene:plasmid:24800,0,0,1,1
ANT3-DPRIME,gene:plasmid:24804,0,0,1,1
ANT3-DPRIME,gene:plasmid:24804,0,1,0,1
ANT3-DPRIME,gene:plasmid:24805,0,0,1,1
ANT3-DPRIME,gene:plasmid:24806,0,0,1,1
ANT3-DPRIME,gene:plasmid:24806,0,1,0,1
ANT3-DPRIME,gene:plasmid:24807,0,0,1,1
ANT3-DPRIME,gene:plasmid:24807,0,1,0,1
ANT3-DPRIME,gene:plasmid:84548,0,0,1,1
ANT6,gene:plasmid:135617,0,0,1,1
ANT6,gene:plasmid:135617,1,0,0,1
ANT6,gene:plasmid:136912,1,0,0,1
ANT6,gene:plasmid:15542,1,0,0,1
ANT6,gene:plasmid:156386,0,0,1,1
ANT6,gene:plasmid:15664,0,0,1,3
ANT6,gene:plasmid:15664,0,1,0,2
ANT6,gene:plasmid:15664,1,0,1,1
ANT6,gene:plasmid:28968,1,0,0,1
APH3-DPRIME,gene:plasmid:117488,0,1,0,1
APH3-DPRIME,gene:plasmid:130001,0,0,1,1
APH3-DPRIME,gene:plasmid:130008,0,0,1,1
APH3-DPRIME,gene:plasmid:130009,0,0,1,1
APH3-DPRIME,gene:plasmid:135994,0,1,0,1
APH3-DPRIME,gene:plasmid:136001,0,1,0,1
APH3-DPRIME,gene:plasmid:156805,0,1,0,1
APH3-DPRIME,gene:plasmid:157713,0,1,0,1
APH3-DPRIME,gene:plasmid:15970,0,1,0,1
APH3-DPRIME,gene:plasmid:19728,0,1,0,1
APH3-DPRIME,gene:plasmid:20177,0,0,1,1
APH3-DPRIME,gene:plasmid:20178,0,0,1,1
APH3-DPRIME,gene:plasmid:25331,0,1,0,1
APH3-DPRIME,gene:plasmid:25332,0,1,0,1
APH3-DPRIME,gene:plasmid:25333,0,1,0,1
APH3-DPRIME,gene:plasmid:30130,0,0,1,1
APH3-DPRIME,gene:plasmid:91748,0,1,0,1
APH3-DPRIME,gene:plasmid:91749,0,1,0,1
APH3-DPRIME,gene:plasmid:91750,0,1,0,1
APH3-DPRIME,gene:plasmid:91771,0,1,0,1
APH3-DPRIME,gene:plasmid:91772,0,1,0,1
APH3-DPRIME,gene:plasmid:91773,0,1,0,1
APH3-DPRIME,gene:plasmid:91774,0,1,0,1
APH3-DPRIME,gene:plasmid:91775,0,1,0,1
APH3-DPRIME,gene:plasmid:91776,0,1,0,1
APH3-PRIME,gene:plasmid:109090,0,0,1,1
APH3-PRIME,gene:plasmid:136190,0,0,1,1
APH3-PRIME,gene:plasmid:83771,0,0,1,1
APH3-PRIME,gene:plasmid:83787,0,0,1,1
APH3-PRIME,gene:plasmid:83899,0,0,1,1
APH3-PRIME,gene:plasmid:83934,0,0,1,1
APH3-PRIME,gene:plasmid:91552,0,0,1,1
APH3-PRIME,gene:plasmid:91555,0,0,1,1
APH3-PRIME,gene:plasmid:91581,0,1,0,1
APH3-PRIME,gene:plasmid:91606,0,0,1,1
APH3-PRIME,gene:plasmid:91640,0,0,1,1
APH3-PRIME,gene:plasmid:91643,0,0,1,1
APH3-PRIME,gene:plasmid:91648,0,0,1,1
APH3-PRIME,gene:plasmid:91662,0,1,0,1
APH6,gene:plasmid:136289,0,1,0,1
ARNT,gene:plasmid:85992,0,1,0,1
ARNT,gene:plasmid:86276,0,0,1,1
ARNT,gene:plasmid:86276,0,1,0,3
ARSA,gene:plasmid:16011,0,1,0,1
ARSA,gene:plasmid:88467,0,1,0,3
ARSA,gene:plasmid:88468,0,0,1,1
ARSA,gene:plasmid:88468,0,1,0,5
ARSB,gene:plasmid:156052,0,0,1,1
ARSB,gene:plasmid:88331,0,0,1,1
ARSB,gene:plasmid:88361,0,0,1,1
ARSB,gene:plasmid:88409,0,1,0,1
ARSB,gene:plasmid:88437,0,1,0,1
ARSB,gene:plasmid:88437,0,1,1,1
ARSB,gene:plasmid:91925,0,1,0,1
ARSB,gene:plasmid:91925,0,1,1,2
ARSB,gene:plasmid:91947,0,1,0,1
ARSB,gene:plasmid:91985,0,1,0,2
ARSB,gene:plasmid:91985,0,1,1,1
ARSBM,gene:plasmid:118383,0,1,0,6
ARSBM,gene:plasmid:124927,0,1,0,1
ARSBM,gene:plasmid:124929,0,1,0,1
ARSBM,gene:plasmid:138733,0,1,0,1
ARSBM,gene:plasmid:85089,0,1,0,1
ARSCM,gene:plasmid:123306,0,0,1,1
ARSCM,gene:plasmid:16011,0,1,0,1
ARSCM,gene:plasmid:24696,0,1,0,1
ARSCM,gene:plasmid:24697,0,1,0,1
ARSCM,gene:plasmid:24698,0,1,0,2
ARSCM,gene:plasmid:24699,0,1,0,1
ARSCM,gene:plasmid:27818,0,0,1,1
ARSCM,gene:plasmid:77695,0,1,0,1
ARSCM,gene:plasmid:88431,0,1,0,1
ARSCM,gene:plasmid:88432,0,1,0,1
ARSCM,gene:plasmid:88433,0,1,0,1
ARSCM,gene:plasmid:88472,0,0,1,1
ARSCM,gene:plasmid:93448,0,0,1,1
ARSCM,gene:plasmid:93448,0,1,0,1
ARSDM,gene:plasmid:123175,0,1,0,1
ARSDM,gene:plasmid:88467,0,1,0,1
ARSP,gene:plasmid:14189,0,1,0,1
ARSRM,gene:plasmid:117671,0,1,0,1
ARSRM,gene:plasmid:117686,0,1,0,1
ARSRM,gene:plasmid:117692,0,1,0,1
ARSRM,gene:plasmid:117701,0,1,0,1
ARSRM,gene:plasmid:128681,0,1,0,1
ARSRM,gene:plasmid:128691,0,1,0,1
ARSRM,gene:plasmid:128696,0,1,0,1
ARSRM,gene:plasmid:128697,0,1,0,1
ARSRM,gene:plasmid:128700,0,1,0,1
ARSRM,gene:plasmid:128701,0,1,0,1
ARSRM,gene:plasmid:128702,0,1,0,1
ARSRM,gene:plasmid:14227,0,1,0,1
ARSRM,gene:plasmid:14228,0,1,0,1
ARSRM,gene:plasmid:14232,0,1,0,1
ARSRM,gene:plasmid:14238,0,1,0,1
ARSRM,gene:plasmid:14240,0,1,0,1
ARSRM,gene:plasmid:14241,0,1,0,1
ARSRM,gene:plasmid:14242,0,1,0,1
ARSRM,gene:plasmid:14243,0,1,0,1
ARSRM,gene:plasmid:14246,0,1,0,1
ARSRM,gene:plasmid:14247,0,1,0,1
ARSRM,gene:plasmid:14250,0,1,0,1
ARSRM,gene:plasmid:14252,0,1,0,1
ARSRM,gene:plasmid:14254,0,1,0,1
ARSRM,gene:plasmid:14257,0,1,0,1
ARSRM,gene:plasmid:14258,0,1,0,1
ARSRM,gene:plasmid:14259,0,1,0,1
ARSRM,gene:plasmid:151658,0,1,0,1
ARSRM,gene:plasmid:155943,0,1,0,1
ARSRM,gene:plasmid:155943,1,0,0,2
ARSRM,gene:plasmid:155952,0,1,0,1
ARSRM,gene:plasmid:155964,0,1,0,3
ARSRM,gene:plasmid:155972,0,1,0,1
ARSRM,gene:plasmid:156035,0,0,1,1
ARSRM,gene:plasmid:156035,0,1,0,2
ARSRM,gene:plasmid:156084,0,1,0,2
ARSRM,gene:plasmid:156088,0,1,0,1
ARSRM,gene:plasmid:156110,0,1,0,2
ARSRM,gene:plasmid:156119,0,1,0,1
ARSRM,gene:plasmid:156128,0,1,0,1
ARSRM,gene:plasmid:156134,0,1,0,1
ARSRM,gene:plasmid:156145,0,1,0,1
ARSRM,gene:plasmid:156176,0,1,0,2
ARSRM,gene:plasmid:16011,0,0,1,2
ARSRM,gene:plasmid:16011,0,1,0,2
ARSRM,gene:plasmid:24694,0,0,1,1
ARSRM,gene:plasmid:24698,0,0,1,1
ARSRM,gene:plasmid:24698,0,1,0,1
ARSRM,gene:plasmid:24699,0,0,1,1
ARSRM,gene:plasmid:24699,0,1,0,1
ARSRM,gene:plasmid:24852,0,1,0,1
ARSRM,gene:plasmid:30991,0,1,0,1
ARSRM,gene:plasmid:77695,0,0,1,1
ARSRM,gene:plasmid:88298,0,0,1,1
ARSRM,gene:plasmid:88298,0,1,0,2
ARSRM,gene:plasmid:88299,0,0,1,1
ARSRM,gene:plasmid:88299,0,1,0,2
ARSRM,gene:plasmid:88328,0,1,0,3
ARSRM,gene:plasmid:88329,0,1,0,3
ARSRM,gene:plasmid:88330,0,1,0,2
ARSRM,gene:plasmid:88331,0,1,0,3
ARSRM,gene:plasmid:88334,0,1,0,3
ARSRM,gene:plasmid:88336,0,1,0,1
ARSRM,gene:plasmid:88337,0,1,0,1
ARSRM,gene:plasmid:88338,0,1,0,1
ARSRM,gene:plasmid:88446,0,1,0,1
ARSRM,gene:plasmid:88447,0,1,0,1
ARSRM,gene:plasmid:88448,0,1,0,1
ARSRM,gene:plasmid:88449,0,1,0,1
ARSRM,gene:plasmid:88450,0,1,0,1
ARSRM,gene:plasmid:88451,0,1,0,1
ARSRM,gene:plasmid:88452,0,1,0,1
ARSRM,gene:plasmid:88458,0,1,0,3
ARSRM,gene:plasmid:88459,0,0,1,1
ARSRM,gene:plasmid:88459,0,1,0,3
ARSRM,gene:plasmid:88460,0,1,0,2
ARSRM,gene:plasmid:88461,0,0,1,1
ARSRM,gene:plasmid:88461,0,1,0,2
ARSRM,gene:plasmid:88462,0,0,1,1
ARSRM,gene:plasmid:88462,0,1,0,3
ARSRM,gene:plasmid:88463,0,0,1,1
ARSRM,gene:plasmid:88463,0,1,0,3
ARSRM,gene:plasmid:88464,0,0,1,1
ARSRM,gene:plasmid:88464,0,1,0,4
ARSRM,gene:plasmid:88465,0,0,1,2
ARSRM,gene:plasmid:88465,0,1,0,2
ARSRM,gene:plasmid:88466,0,0,1,2
ARSRM,gene:plasmid:88466,0,1,0,2
ARSRM,gene:plasmid:88468,0,0,1,5
ARSRM,gene:plasmid:88468,0,1,0,12
ARSRM,gene:plasmid:88468,0,1,1,1
ARSRM,gene:plasmid:88472,0,1,0,4
ARSRM,gene:plasmid:88473,0,0,1,1
ARSRM,gene:plasmid:88473,0,1,0,3
ARSRM,gene:plasmid:88474,0,0,1,1
ARSRM,gene:plasmid:88474,0,1,0,2
ARSRM,gene:plasmid:88475,0,0,1,1
ARSRM,gene:plasmid:88475,0,1,0,1
ARSRM,gene:plasmid:88476,0,0,1,1
ARSRM,gene:plasmid:88476,0,1,0,1
ARSRM,gene:plasmid:91950,0,1,0,1
ARSRM,gene:plasmid:91974,0,1,0,1
ARSRM,gene:plasmid:91989,0,1,0,1
ARSRM,gene:plasmid:92011,0,1,0,1
ASMA,gene:plasmid:112498,0,1,0,1
ASMA,gene:plasmid:117753,0,1,0,1
ASMA,gene:plasmid:120395,0,0,1,1
ASMA,gene:plasmid:123300,0,1,0,1
ASMA,gene:plasmid:123360,0,1,0,1
ASMA,gene:plasmid:123361,0,1,0,1
ASMA,gene:plasmid:123362,0,1,0,1
ASMA,gene:plasmid:123363,0,1,0,1
ASMA,gene:plasmid:149414,0,1,0,2
ASMA,gene:plasmid:149415,0,1,0,2
ASMA,gene:plasmid:157415,0,1,0,1
ASMA,gene:plasmid:21818,0,1,0,1
ASMA,gene:plasmid:21988,0,0,1,1
ASMA,gene:plasmid:21989,0,0,1,1
ASMA,gene:plasmid:22236,0,1,0,1
ASMA,gene:plasmid:93439,0,1,0,1
ASMA,gene:plasmid:93454,0,1,0,1
ASMA,gene:plasmid:93468,0,0,1,1
ASMA,gene:plasmid:93469,0,0,1,1
ASMA,gene:plasmid:93474,0,0,1,1
ASMA,gene:plasmid:93482,0,0,1,1
ASMA,gene:plasmid:93509,0,0,1,1
ASMA,gene:plasmid:93510,0,0,1,1
ASR,gene:plasmid:125744,0,0,1,1
BACA,gene:plasmid:123168,0,1,0,2
BACA,gene:plasmid:123169,0,1,0,1
BACA,gene:plasmid:123170,0,1,0,1
BACA,gene:plasmid:123171,0,1,0,1
BACA,gene:plasmid:123173,0,1,0,2
BACA,gene:plasmid:123174,0,1,0,2
BACA,gene:plasmid:123175,0,1,0,2
BACA,gene:plasmid:123257,0,1,0,1
BACA,gene:plasmid:20019,0,1,0,1
BACA,gene:plasmid:20020,0,1,0,1
BACA,gene:plasmid:20022,0,1,0,1
BAES,gene:plasmid:88328,0,0,1,1
BAES,gene:plasmid:88329,0,0,1,1
BCR,gene:plasmid:21818,0,1,0,5
BLA1,gene:plasmid:122880,0,1,0,1
BLA1,gene:plasmid:122881,0,1,0,1
BLA1,gene:plasmid:122882,0,1,0,1
BLA1,gene:plasmid:123057,0,1,0,1
BLAEC,gene:plasmid:109300,0,0,1,2
BLAZ,gene:plasmid:28884,0,1,0,1
CATA,gene:plasmid:117782,0,0,1,1
CATA,gene:plasmid:133251,0,1,1,1
CATA,gene:plasmid:24253,0,0,1,1
CATA,gene:plasmid:84454,0,1,1,1
CATA,gene:plasmid:87041,0,1,1,1
CEPA,gene:plasmid:133389,0,1,0,1
CFX,gene:plasmid:133362,0,0,1,1
CFX,gene:plasmid:133366,0,0,1,1
CFX,gene:plasmid:133367,0,0,1,1
CFX,gene:plasmid:133368,0,0,1,1
CFX,gene:plasmid:133369,0,0,1,1
CFX,gene:plasmid:133373,0,0,1,1
CFX,gene:plasmid:133374,0,0,1,1
CFX,gene:plasmid:133377,0,0,1,1
CFX,gene:plasmid:133381,0,0,1,1
CFX,gene:plasmid:133383,0,0,1,1
CFX,gene:plasmid:133384,0,0,1,1
CFX,gene:plasmid:133385,0,0,1,1
CFX,gene:plasmid:133388,0,0,1,1
CFX,gene:plasmid:133391,0,0,1,1
CFX,gene:plasmid:133392,0,0,1,1
CFX,gene:plasmid:133394,0,0,1,1
CFX,gene:plasmid:133396,0,0,1,1
CFX,gene:plasmid:133400,0,0,1,1
CFX,gene:plasmid:133401,0,0,1,1
CFX,gene:plasmid:133402,0,0,1,1
CFX,gene:plasmid:141426,0,0,1,13
CFX,gene:plasmid:141426,0,1,0,1
CFX,gene:plasmid:141426,0,1,1,4
CFX,gene:plasmid:141426,1,0,0,7
CFX,gene:plasmid:141426,1,0,1,12
CFX,gene:plasmid:141426,1,1,0,2
CFX,gene:plasmid:141426,1,1,1,4
CFX,gene:plasmid:141431,0,0,1,1
CMY,gene:plasmid:109060,0,1,0,1
CMY,gene:plasmid:109061,0,1,0,1
CMY,gene:plasmid:109062,0,1,0,1
CMY,gene:plasmid:109177,0,1,0,1
CMY,gene:plasmid:117731,0,0,1,1
CMY,gene:plasmid:117732,0,0,1,1
CMY,gene:plasmid:117735,0,0,1,1
CMY,gene:plasmid:117738,0,0,1,1
CMY,gene:plasmid:117739,0,0,1,1
CMY,gene:plasmid:117740,0,0,1,1
CMY,gene:plasmid:117741,0,0,1,1
CMY,gene:plasmid:117742,0,0,1,1
CMY,gene:plasmid:117781,0,0,1,1
CMY,gene:plasmid:117818,0,0,1,1
CMY,gene:plasmid:117820,0,0,1,1
CMY,gene:plasmid:117821,0,0,1,1
CMY,gene:plasmid:117823,0,0,1,1
CMY,gene:plasmid:121510,0,0,1,1
CMY,gene:plasmid:121584,0,0,1,1
CMY,gene:plasmid:123182,0,0,1,1
CMY,gene:plasmid:123231,0,0,1,1
CMY,gene:plasmid:136136,0,0,1,1
CMY,gene:plasmid:136204,0,0,1,1
CMY,gene:plasmid:136206,0,1,0,1
CMY,gene:plasmid:136208,0,1,0,1
CMY,gene:plasmid:136210,0,1,0,1
CMY,gene:plasmid:136244,0,1,0,1
CMY,gene:plasmid:136246,0,1,0,1
CMY,gene:plasmid:136253,0,1,0,1
CMY,gene:plasmid:151254,0,0,1,1
CMY,gene:plasmid:151291,0,0,1,1
CMY,gene:plasmid:19408,0,0,1,1
CMY,gene:plasmid:19409,0,0,1,1
CMY,gene:plasmid:19506,0,0,1,1
CMY,gene:plasmid:24721,0,0,1,1
CMY,gene:plasmid:83774,0,1,0,1
CMY,gene:plasmid:83906,0,1,0,1
CMY,gene:plasmid:83929,0,0,1,1
CMY,gene:plasmid:84548,0,0,1,1
CMY,gene:plasmid:91057,0,1,0,1
CMY,gene:plasmid:91147,0,0,1,1
CMY,gene:plasmid:91150,0,1,0,1
CMY,gene:plasmid:91194,0,1,0,1
CMY,gene:plasmid:91534,0,1,1,1
CMY,gene:plasmid:91536,0,1,1,1
CMY,gene:plasmid:91550,0,1,0,1
CMY,gene:plasmid:91561,0,1,1,1
CMY,gene:plasmid:91563,0,1,0,1
CMY,gene:plasmid:91567,0,1,1,1
CMY,gene:plasmid:91568,0,1,1,1
CMY,gene:plasmid:91571,0,1,0,1
CMY,gene:plasmid:91572,0,1,1,1
CMY,gene:plasmid:91573,0,1,0,1
CMY,gene:plasmid:91574,0,1,1,1
CMY,gene:plasmid:91579,0,0,1,1
CMY,gene:plasmid:91594,0,1,0,1
CMY,gene:plasmid:91595,0,0,1,1
CMY,gene:plasmid:91603,0,1,1,1
CMY,gene:plasmid:91609,0,1,1,1
CMY,gene:plasmid:91612,0,1,0,1
CMY,gene:plasmid:91615,0,1,1,1
CMY,gene:plasmid:91619,0,1,0,1
CMY,gene:plasmid:91621,0,1,0,1
CMY,gene:plasmid:91625,0,1,0,1
CMY,gene:plasmid:91626,0,1,0,1
CMY,gene:plasmid:91637,0,1,1,1
CMY,gene:plasmid:91641,0,1,1,1
CMY,gene:plasmid:91642,0,1,1,1
CMY,gene:plasmid:91644,0,1,0,1
CMY,gene:plasmid:91649,0,1,1,1
CMY,gene:plasmid:91660,0,1,1,1
CMY,gene:plasmid:91666,0,1,1,1
CMY,gene:plasmid:91674,0,1,1,1
CMY,gene:plasmid:91675,0,1,1,1
CMY,gene:plasmid:91679,0,1,0,1
CMY,gene:plasmid:91682,0,1,1,1
CMY,gene:plasmid:91685,0,1,0,1
CMY,gene:plasmid:91689,0,1,1,1
CMY,gene:plasmid:91693,0,1,0,1
CMY,gene:plasmid:91695,0,1,1,1
CMY,gene:plasmid:91710,0,1,0,1
CMY,gene:plasmid:91714,0,1,0,1
CMY,gene:plasmid:91716,0,1,0,1
COPA,gene:plasmid:123175,0,0,1,4
COPA,gene:plasmid:123175,1,0,0,1
COPA,gene:plasmid:148055,0,1,0,1
COPA,gene:plasmid:21909,0,1,0,1
COPA,gene:plasmid:24081,0,1,0,1
COPA,gene:plasmid:88435,0,0,1,5
COPA,gene:plasmid:88435,1,0,0,1
COPA,gene:plasmid:88435,1,0,1,1
COPA,gene:plasmid:88436,0,0,1,5
COPA,gene:plasmid:88436,0,1,0,1
COPA,gene:plasmid:88436,1,0,0,1
COPA,gene:plasmid:88436,1,0,1,1
COPA,gene:plasmid:88437,0,0,1,4
COPA,gene:plasmid:88437,0,1,0,3
COPA,gene:plasmid:88437,0,1,1,1
COPA,gene:plasmid:88437,1,0,0,1
COPA,gene:plasmid:88437,1,0,1,1
CORA,gene:plasmid:123244,0,0,1,4
CORA,gene:plasmid:123244,0,1,0,2
CORA,gene:plasmid:123244,0,1,1,2
CORA,gene:plasmid:123245,0,0,1,4
CORA,gene:plasmid:123245,0,1,0,2
CORA,gene:plasmid:123245,0,1,1,2
CORA,gene:plasmid:123246,0,0,1,4
CORA,gene:plasmid:123246,0,1,0,2
CORA,gene:plasmid:123246,0,1,1,2
CORA,gene:plasmid:123247,0,0,1,4
CORA,gene:plasmid:123247,0,1,0,2
CORA,gene:plasmid:123247,0,1,1,2
CORA,gene:plasmid:123248,0,0,1,4
CORA,gene:plasmid:123248,0,1,0,2
CORA,gene:plasmid:123248,0,1,1,2
CORA,gene:plasmid:123249,0,0,1,4
CORA,gene:plasmid:123249,0,1,0,2
CORA,gene:plasmid:123249,0,1,1,2
CORA,gene:plasmid:123250,0,0,1,4
CORA,gene:plasmid:123250,0,1,0,2
CORA,gene:plasmid:123250,0,1,1,2
CORA,gene:plasmid:123251,0,0,1,4
CORA,gene:plasmid:123251,0,1,0,2
CORA,gene:plasmid:123251,0,1,1,2
CORA,gene:plasmid:123252,0,0,1,5
CORA,gene:plasmid:123252,0,1,0,2
CORA,gene:plasmid:123252,0,1,1,2
CORA,gene:plasmid:123253,0,0,1,5
CORA,gene:plasmid:123253,0,1,0,2
CORA,gene:plasmid:123253,0,1,1,2
CORA,gene:plasmid:123254,0,0,1,5
CORA,gene:plasmid:123254,0,1,0,2
CORA,gene:plasmid:123254,0,1,1,2
CORA,gene:plasmid:24088,0,1,0,1
CORA,gene:plasmid:24561,0,0,1,12
CORA,gene:plasmid:24561,0,1,0,12
CORA,gene:plasmid:24561,0,1,1,7
CORA,gene:plasmid:24561,1,0,0,1
CORA,gene:plasmid:24561,1,0,1,3
CORA,gene:plasmid:24561,1,1,0,1
CORA,gene:plasmid:86304,0,1,0,1
CORB,gene:plasmid:116667,0,1,0,1
CORB,gene:plasmid:118383,0,1,0,1
CORB,gene:plasmid:21842,0,1,0,2
CORB,gene:plasmid:21843,0,1,0,1
CORB,gene:plasmid:24693,0,1,0,1
CORB,gene:plasmid:93474,0,0,1,2
CORB,gene:plasmid:93475,0,0,1,2
CORB,gene:plasmid:93482,0,1,1,1
CORC,gene:plasmid:124575,0,1,0,1
CORC,gene:plasmid:146529,0,1,0,1
CORC,gene:plasmid:24608,0,1,0,1
CORC,gene:plasmid:24609,0,0,1,2
CORC,gene:plasmid:24610,0,0,1,1
CORC,gene:plasmid:24610,0,1,0,4
CORC,gene:plasmid:93463,0,1,0,1
CRP,gene:plasmid:120162,0,0,1,3
CRP,gene:plasmid:120162,0,1,1,1
CRP,gene:plasmid:123887,0,0,1,1
CRP,gene:plasmid:151260,0,0,1,1
CRP,gene:plasmid:151260,0,1,0,1
CRP,gene:plasmid:21818,0,0,1,8
CRP,gene:plasmid:21818,0,1,0,8
CRP,gene:plasmid:21818,0,1,1,3
CRP,gene:plasmid:85992,0,1,0,1
CTX,gene:plasmid:110424,0,1,0,1
CTX,gene:plasmid:117688,0,1,0,1
CTX,gene:plasmid:117692,0,1,0,2
CTX,gene:plasmid:117832,0,1,0,2
CTX,gene:plasmid:117841,0,1,0,1
CTX,gene:plasmid:121461,0,1,0,2
CTX,gene:plasmid:121547,0,1,0,1
CTX,gene:plasmid:123237,0,1,0,1
CTX,gene:plasmid:123238,0,1,0,1
CTX,gene:plasmid:123239,0,1,0,1
CTX,gene:plasmid:136001,0,0,1,1
CTX,gene:plasmid:136284,0,1,0,1
CTX,gene:plasmid:139649,0,0,1,1
CTX,gene:plasmid:153832,0,0,1,1
CTX,gene:plasmid:153833,0,0,1,1
CTX,gene:plasmid:153834,0,0,1,1
CTX,gene:plasmid:153835,0,0,1,1
CTX,gene:plasmid:153836,0,0,1,1
CTX,gene:plasmid:153837,0,0,1,1
CTX,gene:plasmid:153838,0,0,1,1
CTX,gene:plasmid:153840,0,0,1,1
CTX,gene:plasmid:153841,0,0,1,1
CTX,gene:plasmid:153842,0,0,1,1
CTX,gene:plasmid:153843,0,0,1,1
CTX,gene:plasmid:153844,0,0,1,1
CTX,gene:plasmid:153845,0,0,1,1
CTX,gene:plasmid:153846,0,0,1,1
CTX,gene:plasmid:153847,0,0,1,1
CTX,gene:plasmid:153848,0,0,1,1
CTX,gene:plasmid:153849,0,0,1,1
CTX,gene:plasmid:153850,0,0,1,1
CTX,gene:plasmid:153851,0,0,1,1
CTX,gene:plasmid:153852,0,0,1,1
CTX,gene:plasmid:153853,0,0,1,1
CTX,gene:plasmid:153854,0,0,1,1
CTX,gene:plasmid:153855,0,0,1,1
CTX,gene:plasmid:153856,0,0,1,1
CTX,gene:plasmid:153857,0,0,1,1
CTX,gene:plasmid:153858,0,0,1,1
CTX,gene:plasmid:153860,0,0,1,1
CTX,gene:plasmid:153861,0,0,1,1
CTX,gene:plasmid:153862,0,0,1,1
CTX,gene:plasmid:153863,0,0,1,1
CTX,gene:plasmid:153865,0,0,1,1
CTX,gene:plasmid:153867,0,0,1,1
CTX,gene:plasmid:153868,0,0,1,1
CTX,gene:plasmid:153870,0,0,1,1
CTX,gene:plasmid:153871,0,0,1,1
CTX,gene:plasmid:153875,0,0,1,1
CTX,gene:plasmid:153876,0,0,1,1
CTX,gene:plasmid:153877,0,0,1,1
CTX,gene:plasmid:153896,0,0,1,1
CTX,gene:plasmid:153898,0,0,1,1
CTX,gene:plasmid:153899,0,0,1,1
CTX,gene:plasmid:153900,0,0,1,1
CTX,gene:plasmid:153901,0,0,1,1
CTX,gene:plasmid:153902,0,0,1,1
CTX,gene:plasmid:153998,0,0,1,1
CTX,gene:plasmid:153999,0,0,1,1
CTX,gene:plasmid:154000,0,0,1,1
CTX,gene:plasmid:154001,0,0,1,1
CTX,gene:plasmid:154003,0,0,1,1
CTX,gene:plasmid:154004,0,0,1,1
CTX,gene:plasmid:154007,0,0,1,1
CTX,gene:plasmid:154008,0,0,1,1
CTX,gene:plasmid:154009,0,0,1,1
CTX,gene:plasmid:154010,0,0,1,1
CTX,gene:plasmid:154011,0,0,1,1
CTX,gene:plasmid:154013,0,0,1,1
CTX,gene:plasmid:154029,0,0,1,1
CTX,gene:plasmid:154033,0,0,1,1
CTX,gene:plasmid:154036,0,0,1,1
CTX,gene:plasmid:154037,0,0,1,1
CTX,gene:plasmid:154038,0,0,1,1
CTX,gene:plasmid:154040,0,0,1,1
CTX,gene:plasmid:154041,0,0,1,1
CTX,gene:plasmid:154057,0,0,1,1
CTX,gene:plasmid:154059,0,0,1,1
CTX,gene:plasmid:154060,0,0,1,1
CTX,gene:plasmid:154062,0,0,1,1
CTX,gene:plasmid:154063,0,1,0,1
CTX,gene:plasmid:154074,0,0,1,1
CTX,gene:plasmid:154075,0,0,1,1
CTX,gene:plasmid:154077,0,0,1,1
CTX,gene:plasmid:154078,0,0,1,1
CTX,gene:plasmid:154080,0,0,1,1
CTX,gene:plasmid:154081,0,0,1,1
CTX,gene:plasmid:154082,0,0,1,1
CTX,gene:plasmid:154083,0,0,1,1
CTX,gene:plasmid:154099,0,0,1,1
CTX,gene:plasmid:154100,0,0,1,1
CTX,gene:plasmid:154101,0,0,1,1
CTX,gene:plasmid:154102,0,0,1,1
CTX,gene:plasmid:154107,0,0,1,1
CTX,gene:plasmid:154108,0,0,1,1
CTX,gene:plasmid:154110,0,0,1,1
CTX,gene:plasmid:154111,0,0,1,1
CTX,gene:plasmid:154115,0,0,1,1
CTX,gene:plasmid:154116,0,0,1,1
CTX,gene:plasmid:154117,0,0,1,1
CTX,gene:plasmid:154118,0,0,1,1
CTX,gene:plasmid:154119,0,0,1,1
CTX,gene:plasmid:154121,0,0,1,1
CTX,gene:plasmid:154122,0,0,1,1
CTX,gene:plasmid:154123,0,0,1,1
CTX,gene:plasmid:154125,0,0,1,1
CTX,gene:plasmid:156018,0,1,0,1
CTX,gene:plasmid:156035,0,1,0,1
CTX,gene:plasmid:156035,1,0,0,1
CTX,gene:plasmid:156047,0,1,0,1
CTX,gene:plasmid:156052,0,0,1,1
CTX,gene:plasmid:156052,0,1,0,1
CTX,gene:plasmid:156128,0,1,0,2
CTX,gene:plasmid:157676,0,1,0,1
CTX,gene:plasmid:15988,0,1,0,1
CTX,gene:plasmid:19404,0,1,0,1
CTX,gene:plasmid:19426,0,0,1,1
CTX,gene:plasmid:19782,0,1,0,1
CTX,gene:plasmid:24613,0,0,1,1
CTX,gene:plasmid:24642,0,0,1,1
CTX,gene:plasmid:83613,0,1,0,1
CTX,gene:plasmid:87554,0,1,0,1
CTX,gene:plasmid:88328,0,1,0,2
CTX,gene:plasmid:88329,0,1,0,2
CTX,gene:plasmid:88330,0,1,0,1
CTX,gene:plasmid:88331,0,1,0,2
CTX,gene:plasmid:88334,0,1,0,1
CTX,gene:plasmid:88336,0,1,0,1
CTX,gene:plasmid:88337,0,1,0,2
CTX,gene:plasmid:88339,0,1,0,2
CTX,gene:plasmid:88340,0,1,0,1
CTX,gene:plasmid:88341,0,1,0,1
CTX,gene:plasmid:88343,0,1,0,2
CTX,gene:plasmid:88353,0,1,0,1
CTX,gene:plasmid:88354,0,1,0,1
CTX,gene:plasmid:88355,0,1,0,1
CTX,gene:plasmid:88356,0,1,0,1
CTX,gene:plasmid:88357,0,1,0,1
CTX,gene:plasmid:88358,0,1,0,1
CTX,gene:plasmid:88359,0,1,0,1
CTX,gene:plasmid:88361,0,1,0,1
CTX,gene:plasmid:88362,0,1,0,1
CTX,gene:plasmid:88363,0,1,0,1
CTX,gene:plasmid:88364,0,1,0,1
CTX,gene:plasmid:88365,0,1,0,1
CTX,gene:plasmid:88366,0,1,0,1
CTX,gene:plasmid:88367,0,1,0,1
CTX,gene:plasmid:88370,0,1,0,1
CTX,gene:plasmid:88375,0,1,0,1
CTX,gene:plasmid:88377,0,1,0,1
CTX,gene:plasmid:88379,0,1,0,2
CTX,gene:plasmid:88381,0,1,0,1
CTX,gene:plasmid:88382,0,1,0,2
CTX,gene:plasmid:88383,0,1,0,2
CTX,gene:plasmid:88384,0,1,0,2
CTX,gene:plasmid:88388,0,1,0,2
CTX,gene:plasmid:88392,0,1,0,1
CTX,gene:plasmid:88394,0,1,0,1
CTX,gene:plasmid:88395,0,1,0,1
CTX,gene:plasmid:88396,0,1,0,1
CTX,gene:plasmid:88397,0,1,0,2
CTX,gene:plasmid:88398,0,1,0,2
CTX,gene:plasmid:88399,0,1,0,1
CTX,gene:plasmid:88400,0,1,0,1
CTX,gene:plasmid:88403,0,1,0,1
CTX,gene:plasmid:88404,0,1,0,1
CTX,gene:plasmid:88405,0,1,0,1
CTX,gene:plasmid:88406,0,1,0,1
CTX,gene:plasmid:88408,0,1,0,2
CTX,gene:plasmid:88409,0,1,0,2
CTX,gene:plasmid:88428,0,1,0,1
CTX,gene:plasmid:88431,0,0,1,1
CTX,gene:plasmid:88432,0,0,1,1
CTX,gene:plasmid:88433,0,0,1,1
CTX,gene:plasmid:88435,0,1,0,1
CTX,gene:plasmid:88436,0,1,0,1
CTX,gene:plasmid:88437,0,1,0,2
CTX,gene:plasmid:88446,0,1,0,2
CTX,gene:plasmid:88447,0,1,0,4
CTX,gene:plasmid:88448,0,1,0,4
CTX,gene:plasmid:88449,0,1,0,3
CTX,gene:plasmid:88450,0,1,0,2
CTX,gene:plasmid:88451,0,1,0,2
CTX,gene:plasmid:88452,0,1,0,2
CTX,gene:plasmid:88458,0,1,0,1
CTX,gene:plasmid:88459,0,1,0,1
CTX,gene:plasmid:91743,0,1,0,1
CTX,gene:plasmid:91745,0,1,0,1
CTX,gene:plasmid:91747,0,1,0,2
CTX,gene:plasmid:91748,0,1,0,1
CTX,gene:plasmid:91749,0,1,0,2
CTX,gene:plasmid:91760,0,0,1,1
CTX,gene:plasmid:91763,0,0,1,1
CTX,gene:plasmid:91771,0,1,0,1
CTX,gene:plasmid:91772,0,1,0,1
CTX,gene:plasmid:91773,0,1,0,1
CTX,gene:plasmid:91774,0,1,0,1
CTX,gene:plasmid:91775,0,1,0,1
CTX,gene:plasmid:91776,0,1,0,1
CTX,gene:plasmid:91784,0,1,0,1
CTX,gene:plasmid:91786,0,1,0,1
CTX,gene:plasmid:91833,0,1,0,1
CTX,gene:plasmid:92065,0,1,0,1
CTX,gene:plasmid:92066,0,1,0,1
CTX,gene:plasmid:92068,0,1,0,1
CTX,gene:plasmid:92070,0,1,0,1
CTX,gene:plasmid:92071,0,1,0,1
CTX,gene:plasmid:92072,0,1,0,1
CTX,gene:plasmid:92073,0,1,0,1
CTX,gene:plasmid:92074,0,1,0,1
CTX,gene:plasmid:92075,0,1,0,1
CTX,gene:plasmid:92076,0,1,0,1
CTX,gene:plasmid:92090,0,1,0,1
CTX,gene:plasmid:92091,0,1,0,1
CTX,gene:plasmid:92092,0,1,0,2
CTX,gene:plasmid:92093,0,1,0,2
CTX,gene:plasmid:92094,0,1,0,1
CTX,gene:plasmid:92098,0,1,0,2
CTX,gene:plasmid:92099,0,1,0,2
CTX,gene:plasmid:92100,0,1,0,2
CTX,gene:plasmid:92101,0,1,0,1
CTX,gene:plasmid:92102,0,1,0,2
CTX,gene:plasmid:92103,0,1,0,2
CTX,gene:plasmid:92107,0,1,0,2
CTX,gene:plasmid:92108,0,1,0,2
CTX,gene:plasmid:92109,0,1,0,2
CTX,gene:plasmid:92110,0,1,0,2
CTX,gene:plasmid:92112,0,1,0,1
CTX,gene:plasmid:92113,0,1,0,1
CTX,gene:plasmid:92114,0,1,0,1
CTX,gene:plasmid:92115,0,1,0,2
CTX,gene:plasmid:92116,0,1,0,1
CTX,gene:plasmid:92117,0,1,0,2
CTX,gene:plasmid:92119,0,1,0,1
CTX,gene:plasmid:92120,0,1,0,1
CTX,gene:plasmid:92123,0,1,0,1
CTX,gene:plasmid:92124,0,1,0,2
CTX,gene:plasmid:92125,0,1,0,1
CTX,gene:plasmid:92129,0,1,0,2
CTX,gene:plasmid:92130,0,1,0,2
CTX,gene:plasmid:92131,0,1,0,2
CTX,gene:plasmid:92133,0,1,0,1
CTX,gene:plasmid:92140,0,0,1,1
CTX,gene:plasmid:92140,0,1,0,1
CTX,gene:plasmid:92141,0,1,0,1
CUEO,gene:plasmid:156805,0,0,1,1
CUID,gene:plasmid:21346,0,0,1,2
CUID,gene:plasmid:21346,0,1,0,4
CUSA,gene:plasmid:93495,0,1,0,2
CUSB,gene:plasmid:133420,0,1,0,1
CUSB,gene:plasmid:93495,0,1,0,2
CUSR,gene:plasmid:88436,0,0,1,1
CUSR,gene:plasmid:88437,0,0,1,1
CUSR,gene:plasmid:93495,0,0,1,1
DFRA,gene:plasmid:158595,0,0,1,1
DFRA,gene:plasmid:158823,1,0,0,1
DFRA,gene:plasmid:158836,0,0,1,1
DFRA,gene:plasmid:158836,1,0,0,1
DFRA,gene:plasmid:158907,1,0,0,1
DFRA,gene:plasmid:19404,0,0,1,1
DFRA,gene:plasmid:19405,0,0,1,1
DFRA,gene:plasmid:19406,0,0,1,1
DFRA,gene:plasmid:19407,0,0,1,1
DFRA,gene:plasmid:19408,0,0,1,1
DFRA,gene:plasmid:19409,0,0,1,1
DFRA,gene:plasmid:19639,0,0,1,1
DFRA,gene:plasmid:87420,0,0,1,1
DFRA,gene:plasmid:87420,1,0,0,1
DFRA,gene:plasmid:87421,0,0,1,3
DHA,gene:plasmid:158838,0,0,1,1
DHA,gene:plasmid:158860,0,0,1,1
DHA,gene:plasmid:87420,0,0,1,1
DHA,gene:plasmid:87421,0,0,1,1
DNAK,gene:plasmid:111621,0,0,1,1
DNAK,gene:plasmid:158140,0,0,1,2
DNAK,gene:plasmid:158140,0,1,0,1
DNAK,gene:plasmid:158140,1,0,1,2
DSBA,gene:plasmid:149414,0,1,0,1
DSBA,gene:plasmid:157741,0,0,1,2
DSBA,gene:plasmid:16162,0,0,1,4
DSBA,gene:plasmid:16162,0,1,0,2
DSBA,gene:plasmid:84585,0,0,1,3
DSBA,gene:plasmid:84585,0,1,0,1
DSBA,gene:plasmid:84585,0,1,1,1
DSBC,gene:plasmid:24693,0,1,0,1
DSBC,gene:plasmid:93482,0,0,1,1
DSBC,gene:plasmid:93482,0,1,0,1
EFMA,gene:plasmid:136829,0,0,1,1
EFMA,gene:plasmid:136829,0,1,0,2
EFMA,gene:plasmid:136837,0,1,0,2
EFMA,gene:plasmid:136837,0,1,1,1
EFMA,gene:plasmid:19765,0,0,1,1
EFMA,gene:plasmid:19765,0,1,0,2
EMMDR,gene:plasmid:93439,0,1,0,1
EMMDR,gene:plasmid:93469,0,1,0,1
EMMDR,gene:plasmid:93508,0,1,0,1
EMMDR,gene:plasmid:93509,0,1,0,1
EMRB,gene:plasmid:21336,0,1,0,1
EMRR,gene:plasmid:20177,0,1,0,1
EMRR,gene:plasmid:88431,0,0,1,1
EMRR,gene:plasmid:88432,0,0,1,1
EMRR,gene:plasmid:88433,0,0,1,1
EMRR,gene:plasmid:88447,0,0,1,1
EMRR,gene:plasmid:88448,0,0,1,1
EMRR,gene:plasmid:93474,0,0,1,1
EMRR,gene:plasmid:93474,0,1,0,1
EMRR,gene:plasmid:93482,0,0,1,1
EMRR,gene:plasmid:93482,0,1,0,1
EPTA,gene:plasmid:91925,0,1,0,1
EPTA,gene:plasmid:91985,0,1,0,1
EPTB,gene:plasmid:85992,0,1,0,1
EPTB,gene:plasmid:86276,0,1,0,2
ERMB,gene:plasmid:135617,0,1,0,1
ERMB,gene:plasmid:135653,0,1,0,1
ERMB,gene:plasmid:136912,0,0,1,4
ERMB,gene:plasmid:136912,0,1,0,1
ERMB,gene:plasmid:136912,1,0,1,1
ERMB,gene:plasmid:136912,1,1,0,1
ERMB,gene:plasmid:15542,0,0,1,3
ERMB,gene:plasmid:15542,1,0,1,1
ERMB,gene:plasmid:15542,1,1,0,1
ERMB,gene:plasmid:15563,0,0,1,1
ERMB,gene:plasmid:156386,0,0,1,1
ERMB,gene:plasmid:156401,0,0,1,1
ERMB,gene:plasmid:17097,0,0,1,4
ERMB,gene:plasmid:28967,0,1,0,1
ERMB,gene:plasmid:28967,1,0,0,1
ERMB,gene:plasmid:28968,0,0,1,3
ERMB,gene:plasmid:28968,0,1,0,1
ERMB,gene:plasmid:28968,1,0,0,2
ERMC,gene:plasmid:138607,0,1,0,1
ERMC,gene:plasmid:19874,0,1,0,1
ERMF,gene:plasmid:13202,1,0,0,1
ERMF,gene:plasmid:133364,1,0,0,1
ERMF,gene:plasmid:133366,1,0,0,1
ERMF,gene:plasmid:133367,1,0,0,1
ERMF,gene:plasmid:133368,1,0,0,1
ERMF,gene:plasmid:133373,1,0,0,1
ERMF,gene:plasmid:133374,1,0,0,1
ERMF,gene:plasmid:133377,1,0,0,1
ERMF,gene:plasmid:133383,1,0,0,1
ERMF,gene:plasmid:133384,1,0,0,1
ERMF,gene:plasmid:133385,1,0,0,1
ERMF,gene:plasmid:133388,1,0,0,1
ERMF,gene:plasmid:133394,1,0,0,1
ERMF,gene:plasmid:133396,1,0,0,1
ERMF,gene:plasmid:133400,1,0,0,1
ERMF,gene:plasmid:133402,1,0,0,1
ERMF,gene:plasmid:141421,1,0,0,3
ERMF,gene:plasmid:141421,1,0,1,1
ERMF,gene:plasmid:141425,1,0,0,3
ERMF,gene:plasmid:141426,1,0,0,3
ERMF,gene:plasmid:141427,1,0,0,3
EVGA,gene:plasmid:134726,0,0,1,5
EVGA,gene:plasmid:134726,0,1,0,2
EVGA,gene:plasmid:134726,0,1,1,1
FABI,gene:plasmid:120395,0,0,1,1
FABI,gene:plasmid:120395,0,1,0,1
FABI,gene:plasmid:93474,0,0,1,1
FABI,gene:plasmid:93474,0,1,0,1
FABI,gene:plasmid:93482,0,0,1,1
FABI,gene:plasmid:93482,0,1,0,1
FECD,gene:plasmid:151269,0,0,1,1
FECD,gene:plasmid:151269,0,1,0,1
FECD,gene:plasmid:151295,0,0,1,1
FECD,gene:plasmid:151295,0,1,0,1
FECD,gene:plasmid:151322,0,0,1,1
FECD,gene:plasmid:151322,0,1,0,1
FECD,gene:plasmid:151323,0,0,1,1
FECD,gene:plasmid:151323,0,1,0,1
FECD,gene:plasmid:155983,0,0,1,1
FECD,gene:plasmid:155983,0,1,0,2
FECD,gene:plasmid:155991,0,0,1,1
FECD,gene:plasmid:155991,0,1,0,2
FECD,gene:plasmid:156052,0,0,1,10
FECD,gene:plasmid:156052,0,1,0,8
FECD,gene:plasmid:156052,0,1,1,7
FECD,gene:plasmid:156052,1,0,0,1
FECD,gene:plasmid:156052,1,0,1,1
FECD,gene:plasmid:156052,1,1,1,1
FECD,gene:plasmid:88328,0,0,1,1
FECD,gene:plasmid:88329,0,0,1,1
FECD,gene:plasmid:88409,0,0,1,1
FECD,gene:plasmid:88409,0,1,0,4
FECD,gene:plasmid:88435,0,1,0,3
FECD,gene:plasmid:88436,0,0,1,1
FECD,gene:plasmid:88436,0,1,0,2
FECD,gene:plasmid:88437,0,1,0,6
FECD,gene:plasmid:88447,0,1,0,1
FECD,gene:plasmid:88448,0,1,0,1
FECD,gene:plasmid:91925,0,1,0,1
FECD,gene:plasmid:91985,0,1,0,1
FETB,gene:plasmid:15735,0,1,0,1
FETB,gene:plasmid:24608,0,1,0,1
FETB,gene:plasmid:24609,0,1,0,1
FETB,gene:plasmid:88436,0,1,0,1
FIEF,gene:plasmid:119871,0,0,1,1
FIEF,gene:plasmid:157741,0,0,1,1
FIEF,gene:plasmid:16162,0,0,1,1
FLOR,gene:plasmid:117672,0,0,1,1
FLOR,gene:plasmid:83868,0,0,1,1
FOSA,gene:plasmid:154014,0,0,1,1
FOSA,gene:plasmid:21346,0,1,0,6
FOSA,gene:plasmid:28746,0,1,0,1
FOSA,gene:plasmid:85307,0,1,0,1
FOSA,gene:plasmid:93495,0,0,1,1
FOSA,gene:plasmid:93495,0,1,0,1
GADX,gene:plasmid:120162,0,0,1,1
GADX,gene:plasmid:120162,0,1,0,3
GADX,gene:plasmid:120162,1,0,0,1
GADX,gene:plasmid:123887,1,0,0,1
GADX,gene:plasmid:21818,0,0,1,4
GADX,gene:plasmid:21818,0,1,0,3
GADX,gene:plasmid:21818,0,1,1,1
GADX,gene:plasmid:21818,1,0,0,2
GADX,gene:plasmid:24694,0,0,1,1
GADX,gene:plasmid:24694,0,1,0,1
GADX,gene:plasmid:24694,0,1,1,1
GLPF,gene:plasmid:123175,1,0,0,1
GLPF,gene:plasmid:84585,1,0,0,1
HDEA,gene:plasmid:151260,0,0,1,1
HDEA,gene:plasmid:24694,0,0,1,1
HNS,gene:plasmid:112498,0,0,1,1
HNS,gene:plasmid:112498,0,1,0,3
HNS,gene:plasmid:123360,0,0,1,1
HNS,gene:plasmid:123360,0,1,0,4
HNS,gene:plasmid:123361,0,0,1,1
HNS,gene:plasmid:123361,0,1,0,4
HNS,gene:plasmid:123362,0,0,1,1
HNS,gene:plasmid:123362,0,1,0,3
HNS,gene:plasmid:123363,0,0,1,1
HNS,gene:plasmid:123363,0,1,0,4
HNS,gene:plasmid:133691,0,1,0,1
HNS,gene:plasmid:149415,0,0,1,1
HNS,gene:plasmid:149415,0,1,0,7
HNS,gene:plasmid:157415,0,1,0,2
HNS,gene:plasmid:21988,0,1,0,2
HNS,gene:plasmid:21989,0,1,0,1
HNS,gene:plasmid:22236,0,0,1,1
HNS,gene:plasmid:22236,0,1,0,4
KDEA,gene:plasmid:119478,0,1,0,2
KDEA,gene:plasmid:119510,0,1,0,2
KDEA,gene:plasmid:119512,0,1,0,3
KDEA,gene:plasmid:124311,0,1,0,6
KDEA,gene:plasmid:124575,0,1,0,5
KDEA,gene:plasmid:124699,0,1,0,1
KDEA,gene:plasmid:125744,0,1,0,1
KDEA,gene:plasmid:130030,0,1,0,1
KDEA,gene:plasmid:146529,0,1,0,2
KDEA,gene:plasmid:153887,0,1,0,4
KDEA,gene:plasmid:158721,0,1,0,1
KDEA,gene:plasmid:24610,0,1,0,1
KDEA,gene:plasmid:91802,0,1,0,2
KDEA,gene:plasmid:93448,0,1,0,1
KDPE,gene:plasmid:24609,0,1,0,1
KDPE,gene:plasmid:24609,1,0,0,1
KEXD,gene:plasmid:112498,0,1,0,3
KEXD,gene:plasmid:123360,0,1,0,2
KEXD,gene:plasmid:123361,0,1,0,1
KEXD,gene:plasmid:123362,0,1,0,1
KEXD,gene:plasmid:123363,0,1,0,1
KEXD,gene:plasmid:149414,0,1,0,2
KEXD,gene:plasmid:149415,0,1,0,1
KEXD,gene:plasmid:16026,0,1,0,1
KEXD,gene:plasmid:16027,0,1,0,1
KEXD,gene:plasmid:16031,0,1,0,1
KEXD,gene:plasmid:16032,0,1,0,1
KEXD,gene:plasmid:20382,0,1,0,1
KEXD,gene:plasmid:22236,0,1,0,1
KEXD,gene:plasmid:92146,0,1,0,1
KEXD,gene:plasmid:92147,0,1,0,1
KEXD,gene:plasmid:93439,0,1,0,1
KEXD,gene:plasmid:93454,0,1,0,1
KEXD,gene:plasmid:93482,0,1,0,1
KMRA,gene:plasmid:112498,0,1,0,1
KMRA,gene:plasmid:119655,0,1,0,1
KMRA,gene:plasmid:119658,0,1,0,2
KMRA,gene:plasmid:123338,0,1,0,1
KMRA,gene:plasmid:123360,0,1,0,1
KMRA,gene:plasmid:123361,0,1,0,1
KMRA,gene:plasmid:123362,0,1,0,1
KMRA,gene:plasmid:123363,0,1,0,1
KMRA,gene:plasmid:133691,0,1,0,2
KMRA,gene:plasmid:149414,0,0,1,1
KMRA,gene:plasmid:149414,0,1,0,7
KMRA,gene:plasmid:149414,0,1,1,1
KMRA,gene:plasmid:149415,0,1,0,7
KMRA,gene:plasmid:154014,0,1,0,1
KMRA,gene:plasmid:155970,0,1,0,5
KMRA,gene:plasmid:16026,0,1,0,1
KMRA,gene:plasmid:16027,0,1,0,1
KMRA,gene:plasmid:16029,0,1,0,1
KMRA,gene:plasmid:16031,0,1,0,1
KMRA,gene:plasmid:16032,0,1,0,1
KMRA,gene:plasmid:20177,0,1,0,4
KMRA,gene:plasmid:20382,0,1,0,1
KMRA,gene:plasmid:21240,0,1,0,1
KMRA,gene:plasmid:21828,0,1,0,2
KMRA,gene:plasmid:21989,0,0,1,1
KMRA,gene:plasmid:21989,0,1,0,1
KMRA,gene:plasmid:88436,0,1,0,3
KMRA,gene:plasmid:92147,0,1,0,1
KMRA,gene:plasmid:93482,0,1,0,1
KMRA,gene:plasmid:93494,0,1,0,5
KPC,gene:plasmid:136274,0,0,1,1
KPC,gene:plasmid:145495,0,1,0,1
KPC,gene:plasmid:148146,0,1,0,1
KPC,gene:plasmid:151053,0,0,1,1
KPC,gene:plasmid:151054,0,0,1,1
KPC,gene:plasmid:15744,0,1,0,1
KPC,gene:plasmid:15745,0,1,0,1
KPC,gene:plasmid:15750,0,1,0,1
KPC,gene:plasmid:15751,0,1,0,1
KPC,gene:plasmid:16930,0,0,1,1
KPC,gene:plasmid:16943,0,0,1,1
KPC,gene:plasmid:19782,0,0,1,1
KPC,gene:plasmid:83749,0,0,1,1
KPC,gene:plasmid:87438,0,0,1,1
KPC,gene:plasmid:87439,0,0,1,1
KPC,gene:plasmid:87440,0,0,1,1
KPC,gene:plasmid:87441,0,0,1,1
KPC,gene:plasmid:87442,0,0,1,1
KPC,gene:plasmid:87443,0,0,1,1
KPC,gene:plasmid:87452,0,0,1,1
KPC,gene:plasmid:88362,0,1,0,1
KPC,gene:plasmid:88393,0,1,0,1
KPC,gene:plasmid:88395,0,1,0,1
KPC,gene:plasmid:88396,0,1,0,1
KPC,gene:plasmid:88397,0,1,0,1
KPC,gene:plasmid:88398,0,1,0,1
KPC,gene:plasmid:88399,0,1,0,1
KPC,gene:plasmid:88402,0,1,0,1
KPC,gene:plasmid:88403,0,1,0,1
KPC,gene:plasmid:91760,0,1,0,1
KPC,gene:plasmid:92104,0,1,0,1
KPC,gene:plasmid:92105,0,1,0,1
KPC,gene:plasmid:92106,0,1,0,1
KPC,gene:plasmid:92107,0,1,0,1
KPC,gene:plasmid:92108,0,1,0,1
KPC,gene:plasmid:92109,0,1,0,1
KPC,gene:plasmid:92110,0,1,0,1
KPC,gene:plasmid:92111,0,1,0,1
KPC,gene:plasmid:92112,0,1,0,1
KPC,gene:plasmid:92113,0,1,0,1
KPC,gene:plasmid:92114,0,1,0,1
KPC,gene:plasmid:92115,0,1,0,1
KPC,gene:plasmid:92116,0,1,0,1
KPC,gene:plasmid:92118,0,1,0,1
KPC,gene:plasmid:92124,0,1,0,1
KPC,gene:plasmid:92128,0,1,0,1
KPC,gene:plasmid:92129,0,1,0,1
KPC,gene:plasmid:92130,0,1,0,1
KPC,gene:plasmid:92131,0,1,0,1
KPC,gene:plasmid:92132,0,1,0,1
KPC,gene:plasmid:92137,0,1,0,1
KPC,gene:plasmid:92139,0,1,0,1
KPNE,gene:plasmid:16026,0,1,0,4
KPNE,gene:plasmid:16027,0,1,0,4
KPNE,gene:plasmid:16028,0,1,0,1
KPNE,gene:plasmid:16029,0,1,0,3
KPNE,gene:plasmid:16031,0,1,0,3
KPNE,gene:plasmid:16032,0,1,0,3
KPNE,gene:plasmid:92146,0,1,0,1
KPNE,gene:plasmid:92147,0,1,0,3
KPNF,gene:plasmid:16027,0,0,1,1
KPNF,gene:plasmid:16029,0,0,1,1
KPNF,gene:plasmid:16031,0,0,1,1
KPNF,gene:plasmid:16032,0,0,1,1
KPNF,gene:plasmid:83785,0,0,1,1
KPNF,gene:plasmid:92147,0,0,1,1
KPNO,gene:plasmid:86179,0,1,0,1
LEN,gene:plasmid:16026,0,1,0,1
LEN,gene:plasmid:16027,0,1,0,2
LEN,gene:plasmid:16028,0,1,0,1
LEN,gene:plasmid:16029,0,1,0,2
LEN,gene:plasmid:16031,0,1,0,1
LEN,gene:plasmid:16032,0,1,0,2
LEN,gene:plasmid:83785,0,1,0,1
LEN,gene:plasmid:92147,0,1,0,2
LEN,gene:plasmid:93482,0,1,0,1
LMRD,gene:plasmid:135959,0,0,1,1
LMRD,gene:plasmid:135980,0,0,1,1
LNUA,gene:plasmid:17121,0,1,0,1
LNUC,gene:plasmid:15551,0,1,0,1
LNUG,gene:plasmid:15569,0,1,0,1
LPTD,gene:plasmid:21346,0,1,0,1
MARA,gene:plasmid:20177,0,1,0,1
MARA,gene:plasmid:21988,0,0,1,1
MARA,gene:plasmid:93486,0,0,1,2
MARA,gene:plasmid:93486,0,1,0,1
MARR,gene:plasmid:117704,0,0,1,1
MARR,gene:plasmid:117704,0,1,0,1
MARR,gene:plasmid:117772,0,0,1,1
MARR,gene:plasmid:117772,0,1,0,1
MARR,gene:plasmid:117783,0,0,1,1
MARR,gene:plasmid:117783,0,1,0,1
MARR,gene:plasmid:155982,0,1,0,1
MARR,gene:plasmid:155982,0,1,1,1
MARR,gene:plasmid:156169,0,1,0,1
MARR,gene:plasmid:156169,0,1,1,1
MARR,gene:plasmid:24249,0,0,1,1
MCR,gene:plasmid:92008,0,1,0,1
MDTA,gene:plasmid:87050,0,0,1,1
MDTA,gene:plasmid:87050,0,1,0,1
MDTA,gene:plasmid:87051,0,0,1,1
MDTA,gene:plasmid:87051,0,1,0,1
MDTB,gene:plasmid:119681,0,1,0,1
MDTB,gene:plasmid:134726,0,1,0,4
MDTB,gene:plasmid:134726,0,1,1,1
MDTB,gene:plasmid:21818,0,1,0,1
MDTB,gene:plasmid:30839,0,1,0,1
MDTK,gene:plasmid:119871,0,0,1,1
MDTK,gene:plasmid:149415,0,1,1,1
MDTK,gene:plasmid:153884,0,1,1,1
MDTK,gene:plasmid:153886,0,1,1,1
MDTK,gene:plasmid:153887,0,0,1,1
MDTK,gene:plasmid:154014,0,0,1,1
MDTK,gene:plasmid:21988,0,1,1,1
MDTK,gene:plasmid:91800,0,1,1,1
MDTK,gene:plasmid:91802,0,1,0,1
MDTK,gene:plasmid:93474,0,1,1,1
MDTK,gene:plasmid:93475,0,1,1,1
MEFA,gene:plasmid:147544,0,1,0,1
MEFA,gene:plasmid:97786,0,1,0,1
MEFE,gene:plasmid:141421,1,0,0,1
MEFE,gene:plasmid:141423,1,0,0,1
MEFE,gene:plasmid:141425,1,0,0,1
MEFE,gene:plasmid:141426,0,0,1,10
MEFE,gene:plasmid:141426,0,1,0,3
MEFE,gene:plasmid:141426,1,0,0,9
MEFE,gene:plasmid:141426,1,0,1,4
MEFE,gene:plasmid:141427,0,0,1,2
MEFE,gene:plasmid:141427,0,1,0,1
MEFE,gene:plasmid:141427,1,0,0,6
MEFE,gene:plasmid:141427,1,0,1,2
MEFE,gene:plasmid:141429,1,0,0,1
MEFE,gene:plasmid:82630,0,0,1,1
MERR,gene:plasmid:136305,0,0,1,1
MERR,gene:plasmid:151054,0,0,1,1
MERR,gene:plasmid:151055,0,0,1,1
MERR,gene:plasmid:15293,0,1,0,1
MERR,gene:plasmid:87432,0,0,1,2
MERR,gene:plasmid:88409,0,1,0,1
MERR1,gene:plasmid:123182,0,0,1,1
MERR1,gene:plasmid:123184,0,1,0,1
MERR1,gene:plasmid:136188,0,0,1,1
MERR1,gene:plasmid:151216,0,0,1,1
MERR1,gene:plasmid:151217,0,0,1,1
MERR1,gene:plasmid:151273,0,0,1,1
MERR1,gene:plasmid:151274,0,0,1,1
MERR1,gene:plasmid:151275,0,0,1,1
MERR1,gene:plasmid:151291,0,0,1,1
MERR1,gene:plasmid:151429,0,0,1,1
MERR1,gene:plasmid:19401,0,0,1,1
MERR1,gene:plasmid:19402,0,0,1,1
MERR1,gene:plasmid:19403,0,0,1,1
MERR1,gene:plasmid:19489,0,0,1,1
MERR1,gene:plasmid:19506,0,0,1,1
MERR1,gene:plasmid:19728,0,0,1,1
MERR1,gene:plasmid:24674,0,0,1,1
MERR1,gene:plasmid:24792,0,0,1,1
MERR1,gene:plasmid:24799,0,0,1,1
MERR1,gene:plasmid:24800,0,0,1,1
MERR1,gene:plasmid:24804,0,0,1,1
MERR1,gene:plasmid:24807,0,0,1,1
MERR1,gene:plasmid:83768,0,0,1,1
MERR1,gene:plasmid:83928,0,0,1,1
MERR1,gene:plasmid:83934,0,0,1,1
MERR1,gene:plasmid:91552,0,0,1,1
MERR1,gene:plasmid:91555,0,0,1,1
MERR1,gene:plasmid:91569,0,0,1,1
MERR1,gene:plasmid:91581,0,0,1,1
MERR1,gene:plasmid:91599,0,0,1,1
MERR1,gene:plasmid:91606,0,0,1,1
MERR1,gene:plasmid:91640,0,0,1,1
MERR1,gene:plasmid:91643,0,0,1,1
MERR1,gene:plasmid:91648,0,0,1,1
MERR1,gene:plasmid:91662,0,0,1,1
MERR1,gene:plasmid:91678,0,0,1,1
MERR2,gene:plasmid:148146,0,1,0,1
MERR2,gene:plasmid:154402,0,1,0,1
MERR2,gene:plasmid:154403,0,1,0,1
MERR2,gene:plasmid:154407,0,1,0,1
MERR2,gene:plasmid:154408,0,1,0,1
MERR2,gene:plasmid:154409,0,1,0,1
MERR2,gene:plasmid:154410,0,1,0,1
MERR2,gene:plasmid:154411,0,1,0,1
MERR2,gene:plasmid:154412,0,1,0,1
MERR2,gene:plasmid:154413,0,1,0,1
MERR2,gene:plasmid:154414,0,1,0,1
MERR2,gene:plasmid:154416,0,1,0,1
MERR2,gene:plasmid:154418,0,1,0,1
MERR2,gene:plasmid:154420,0,1,0,1
MERR2,gene:plasmid:154421,0,1,0,1
MERR2,gene:plasmid:154422,0,1,0,1
MERR2,gene:plasmid:154442,0,1,0,1
MERR2,gene:plasmid:154443,0,1,0,1
MERR2,gene:plasmid:154444,0,1,0,1
MERR2,gene:plasmid:154450,0,1,0,1
MERR2,gene:plasmid:154459,0,1,0,1
MERR2,gene:plasmid:154460,0,1,0,1
MERR2,gene:plasmid:88353,0,1,0,1
MERR2,gene:plasmid:88382,0,1,0,1
MERR2,gene:plasmid:88383,0,1,0,1
MERR2,gene:plasmid:88384,0,1,0,1
MERR2,gene:plasmid:88387,0,1,0,1
MERR2,gene:plasmid:88389,0,1,0,1
MERR2,gene:plasmid:88392,0,1,0,1
MERR2,gene:plasmid:88393,0,1,0,1
MERR2,gene:plasmid:88395,0,1,0,1
MERR2,gene:plasmid:88401,0,1,0,1
MERR2,gene:plasmid:88405,0,1,0,1
MERR2,gene:plasmid:88406,0,1,0,1
MERR2,gene:plasmid:88407,0,1,0,1
MERR2,gene:plasmid:88430,0,1,0,1
MERR2,gene:plasmid:92068,0,1,0,1
MERR2,gene:plasmid:92110,0,1,0,1
MERR2,gene:plasmid:92113,0,1,0,1
MERR2,gene:plasmid:92114,0,1,0,1
MERR2,gene:plasmid:92115,0,1,0,1
MERR2,gene:plasmid:92118,0,1,0,1
MERR2,gene:plasmid:92120,0,1,0,1
MERR2,gene:plasmid:92124,0,1,0,1
MERR2,gene:plasmid:92127,0,1,0,1
MERR2,gene:plasmid:92132,0,1,0,1
MGTA,gene:plasmid:123163,1,0,0,1
MGTA,gene:plasmid:123244,1,0,0,1
MGTA,gene:plasmid:123245,1,0,0,1
MGTA,gene:plasmid:123246,1,0,0,1
MGTA,gene:plasmid:123247,1,0,0,1
MGTA,gene:plasmid:123248,1,0,0,1
MGTA,gene:plasmid:123249,1,0,0,1
MGTA,gene:plasmid:123250,1,0,0,1
MGTA,gene:plasmid:123251,1,0,0,1
MGTA,gene:plasmid:123252,1,0,0,1
MGTA,gene:plasmid:123253,1,0,0,1
MGTA,gene:plasmid:123254,1,0,0,1
MGTA,gene:plasmid:123256,1,0,0,1
MGTA,gene:plasmid:123260,1,0,0,1
MGTA,gene:plasmid:123360,1,0,0,1
MGTA,gene:plasmid:123361,1,0,0,1
MGTA,gene:plasmid:123362,1,0,0,1
MGTA,gene:plasmid:123363,1,0,0,1
MGTA,gene:plasmid:123364,1,0,0,1
MGTA,gene:plasmid:154398,1,0,0,1
MGTA,gene:plasmid:156052,0,0,1,1
MGTA,gene:plasmid:84559,0,1,0,1
MGTA,gene:plasmid:84559,1,0,0,1
MGTA,gene:plasmid:84560,1,0,0,1
MGTA,gene:plasmid:84566,0,1,0,1
MGTA,gene:plasmid:88328,0,0,1,1
MGTA,gene:plasmid:88329,0,0,1,1
MGTA,gene:plasmid:88468,0,1,0,1
MGTA,gene:plasmid:93495,0,0,1,1
MNTH,gene:plasmid:134726,0,0,1,11
MNTH,gene:plasmid:134726,0,1,0,12
MNTH,gene:plasmid:134726,0,1,1,2
MODC,gene:plasmid:123175,0,0,1,2
MODC,gene:plasmid:88435,0,0,1,1
MODC,gene:plasmid:88436,0,0,1,1
MODC,gene:plasmid:88437,0,0,1,2
MPHA,gene:plasmid:14231,0,1,1,1
MPHA,gene:plasmid:158565,0,1,0,1
MPHA,gene:plasmid:158565,1,0,0,1
MPHA,gene:plasmid:158573,0,0,1,1
MPHA,gene:plasmid:158573,0,1,0,1
MPHA,gene:plasmid:158595,0,0,1,2
MPHA,gene:plasmid:158595,0,1,0,1
MPHA,gene:plasmid:158836,0,1,1,1
MPHA,gene:plasmid:158837,0,0,1,2
MPHA,gene:plasmid:158837,0,1,0,2
MPHA,gene:plasmid:158838,0,0,1,4
MPHA,gene:plasmid:158838,0,1,0,2
MPHA,gene:plasmid:158838,0,1,1,1
MPHA,gene:plasmid:158838,1,0,0,1
MPHA,gene:plasmid:158860,0,0,1,2
MPHA,gene:plasmid:158860,0,1,0,1
MPHA,gene:plasmid:158860,1,0,0,1
MPHA,gene:plasmid:87417,0,0,1,2
MPHA,gene:plasmid:87417,0,1,0,1
MPHA,gene:plasmid:87420,0,0,1,2
MPHA,gene:plasmid:87420,0,1,0,3
MPHA,gene:plasmid:87420,1,0,0,1
MPHA,gene:plasmid:87421,0,0,1,3
MPHA,gene:plasmid:87421,0,1,0,2
MPRF,gene:plasmid:14401,0,0,1,1
MPRF,gene:plasmid:14403,0,0,1,1
MSBA,gene:plasmid:155983,1,0,0,1
MSBA,gene:plasmid:155991,1,0,0,1
MSBA,gene:plasmid:156052,0,1,0,1
MSBA,gene:plasmid:156052,1,0,0,1
MSBA,gene:plasmid:88468,1,0,0,1
NCRA,gene:plasmid:87452,0,0,1,1
NCRAN,gene:plasmid:117704,0,0,1,1
NCRAN,gene:plasmid:117783,0,0,1,1
NCRAN,gene:plasmid:154064,0,1,0,1
NCRAN,gene:plasmid:154065,0,1,0,1
NIKC,gene:plasmid:86276,0,0,1,1
NIKC,gene:plasmid:86276,0,1,0,1
NIRA,gene:plasmid:92005,0,1,0,1
NMPC,gene:plasmid:134726,0,1,0,1
NMPC,gene:plasmid:154014,0,1,0,1
NMPC,gene:plasmid:21988,0,0,1,1
NMPC,gene:plasmid:21988,0,1,0,1
NMPC,gene:plasmid:21989,0,1,0,1
OMP37,gene:plasmid:124699,0,1,0,2
OMP37,gene:plasmid:125744,0,1,0,1
OMP37,gene:plasmid:148055,0,1,0,1
OMP37,gene:plasmid:93482,0,1,0,5
OMPA,gene:plasmid:119478,0,1,0,2
OMPA,gene:plasmid:119510,0,1,0,1
OMPA,gene:plasmid:119512,0,1,0,2
OMPA,gene:plasmid:124311,0,1,0,4
OMPA,gene:plasmid:124575,0,1,0,3
OMPA,gene:plasmid:125744,0,0,1,2
OMPA,gene:plasmid:125744,0,1,0,6
OMPA,gene:plasmid:130030,0,0,1,1
OMPA,gene:plasmid:146529,0,1,0,1
OMPA,gene:plasmid:153887,0,1,0,1
OMPA,gene:plasmid:24608,0,1,0,1
OMPA,gene:plasmid:24609,0,0,1,1
OMPA,gene:plasmid:24610,0,1,0,3
OMPA,gene:plasmid:27818,0,1,0,1
OMPA,gene:plasmid:91802,0,1,0,3
OMPA,gene:plasmid:93463,0,1,0,1
OMPA,gene:plasmid:93474,0,1,0,1
OMPA,gene:plasmid:93475,0,1,0,1
OQXA,gene:plasmid:116667,0,1,0,1
OQXA,gene:plasmid:119871,0,1,0,1
OQXA,gene:plasmid:119871,0,1,1,1
OQXA,gene:plasmid:134726,0,0,1,1
OQXA,gene:plasmid:136282,0,0,1,1
OQXA,gene:plasmid:149415,0,1,0,1
OQXA,gene:plasmid:149415,0,1,1,1
OQXA,gene:plasmid:153884,0,0,1,1
OQXA,gene:plasmid:154014,0,1,0,2
OQXA,gene:plasmid:21842,0,0,1,1
OQXA,gene:plasmid:21842,0,1,0,2
OQXA,gene:plasmid:21988,0,1,1,1
OQXA,gene:plasmid:24693,0,1,0,1
OQXA,gene:plasmid:91800,0,0,1,1
OQXA,gene:plasmid:91801,0,0,1,1
OQXA,gene:plasmid:91802,0,0,1,1
OQXA,gene:plasmid:93474,0,1,0,1
OQXA,gene:plasmid:93482,0,1,0,1
OQXA,gene:plasmid:93486,0,1,0,1
OQXA,gene:plasmid:93494,0,1,0,1
OQXB,gene:plasmid:119655,0,1,0,3
OQXB,gene:plasmid:119658,0,1,0,3
OQXB,gene:plasmid:123338,0,1,0,1
OQXB,gene:plasmid:133691,0,1,0,2
OQXB,gene:plasmid:134726,0,1,0,1
OQXB,gene:plasmid:149414,0,1,0,2
OQXB,gene:plasmid:149415,0,1,0,4
OQXB,gene:plasmid:155970,0,1,0,2
OQXB,gene:plasmid:157415,0,1,0,2
OQXB,gene:plasmid:20177,0,1,0,4
OQXB,gene:plasmid:21240,0,1,0,3
OQXB,gene:plasmid:21818,0,1,0,1
OQXB,gene:plasmid:21828,0,1,0,4
OQXB,gene:plasmid:88436,0,1,0,4
OQXB,gene:plasmid:93494,0,1,0,4
ORN,gene:plasmid:119655,0,1,0,1
ORN,gene:plasmid:133691,0,1,0,1
ORN,gene:plasmid:149414,0,1,0,1
ORN,gene:plasmid:154014,0,1,0,1
ORN,gene:plasmid:91947,0,1,0,1
OXA,gene:plasmid:117750,0,0,1,1
OXA,gene:plasmid:117766,0,0,1,1
OXYRKP,gene:plasmid:157741,0,1,0,1
PCOA,gene:plasmid:147501,0,0,1,2
PCOA,gene:plasmid:153906,0,0,1,1
PCOA,gene:plasmid:153906,0,1,0,3
PCOA,gene:plasmid:88312,0,0,1,1
PCOA,gene:plasmid:88313,0,0,1,1
PCOA,gene:plasmid:91980,0,0,1,1
PCOE,gene:plasmid:123168,0,0,1,2
PCOE,gene:plasmid:123169,0,0,1,2
PCOE,gene:plasmid:123170,0,0,1,2
PCOE,gene:plasmid:123171,0,0,1,2
PCOE,gene:plasmid:123173,0,0,1,2
PCOE,gene:plasmid:123174,0,0,1,2
PCOE,gene:plasmid:123175,0,0,1,2
PCOE,gene:plasmid:156035,0,1,0,1
PCOE,gene:plasmid:88298,0,1,0,1
PCOE,gene:plasmid:88299,0,1,0,1
PCOE,gene:plasmid:88302,0,1,0,1
PCOE,gene:plasmid:88458,0,1,0,1
PCOE,gene:plasmid:88459,0,1,0,1
PCOE,gene:plasmid:88461,0,1,0,1
PCOE,gene:plasmid:88462,0,1,0,1
PCOE,gene:plasmid:88463,0,1,0,1
PCOE,gene:plasmid:88465,0,1,0,1
PCOE,gene:plasmid:88466,0,1,0,1
PCOE,gene:plasmid:88468,0,0,1,1
PCOE,gene:plasmid:88468,0,1,0,1
PCOE,gene:plasmid:88472,0,1,0,1
PHOR,gene:plasmid:155983,0,1,0,1
PHOR,gene:plasmid:155991,0,1,0,1
PHOR,gene:plasmid:156052,0,1,0,1
PHOR,gene:plasmid:91918,0,1,0,1
PHOR,gene:plasmid:91985,0,1,0,1
PITA,gene:plasmid:117442,0,0,1,1
PITA,gene:plasmid:154099,0,0,1,1
PITA,gene:plasmid:154100,0,0,1,1
PITA,gene:plasmid:24694,0,0,1,2
PITA,gene:plasmid:24694,0,1,0,1
PMRF,gene:plasmid:134726,0,0,1,2
PMRF,gene:plasmid:88431,0,0,1,1
PMRF,gene:plasmid:88432,0,0,1,1
PMRF,gene:plasmid:88433,0,0,1,1
PSTC,gene:plasmid:117671,0,0,1,1
PSTC,gene:plasmid:117686,0,0,1,1
PSTC,gene:plasmid:117701,0,0,1,1
PSTC,gene:plasmid:123887,0,0,1,1
PSTC,gene:plasmid:123888,0,0,1,1
PSTC,gene:plasmid:28516,0,0,1,1
PSTS,gene:plasmid:21818,0,1,0,5
PSTS,gene:plasmid:85992,0,1,0,1
PSTS,gene:plasmid:86276,0,1,0,5
QACEDELTA1,gene:plasmid:158836,0,0,1,1
QACEDELTA1,gene:plasmid:158838,0,0,1,1
QACEDELTA1,gene:plasmid:87420,0,0,1,1
QACG,gene:plasmid:15404,0,1,0,1
QNRB,gene:plasmid:118151,0,0,1,1
QNRB,gene:plasmid:120829,0,0,1,1
QNRB,gene:plasmid:154014,0,1,0,1
RMTC,gene:plasmid:109054,0,0,1,1
RMTC,gene:plasmid:136206,0,0,1,1
RMTC,gene:plasmid:136251,0,0,1,1
RMTC,gene:plasmid:83908,0,0,1,1
RMTC,gene:plasmid:91073,0,0,1,1
RMTC,gene:plasmid:91140,0,0,1,1
RMTC,gene:plasmid:91536,0,0,1,1
RMTC,gene:plasmid:91541,0,0,1,1
RMTC,gene:plasmid:91550,0,0,1,1
RMTC,gene:plasmid:91563,0,0,1,1
RMTC,gene:plasmid:91567,0,0,1,1
RMTC,gene:plasmid:91573,0,0,1,1
RMTC,gene:plasmid:91574,0,0,1,1
RMTC,gene:plasmid:91594,0,0,1,1
RMTC,gene:plasmid:91595,0,0,1,1
RMTC,gene:plasmid:91596,0,0,1,1
RMTC,gene:plasmid:91609,0,0,1,1
RMTC,gene:plasmid:91612,0,0,1,1
RMTC,gene:plasmid:91615,0,0,1,1
RMTC,gene:plasmid:91619,0,0,1,1
RMTC,gene:plasmid:91621,0,0,1,1
RMTC,gene:plasmid:91625,0,0,1,1
RMTC,gene:plasmid:91626,0,0,1,1
RMTC,gene:plasmid:91631,0,0,1,1
RMTC,gene:plasmid:91644,0,0,1,1
RMTC,gene:plasmid:91650,0,0,1,1
RMTC,gene:plasmid:91679,0,0,1,1
RMTC,gene:plasmid:91682,0,0,1,1
RMTC,gene:plasmid:91685,0,0,1,1
RMTC,gene:plasmid:91693,0,0,1,1
RMTC,gene:plasmid:91700,0,0,1,1
RMTC,gene:plasmid:91710,0,0,1,1
RMTC,gene:plasmid:91714,0,0,1,1
RMTC,gene:plasmid:91716,0,0,1,1
RPOS,gene:plasmid:158858,0,0,1,1
RPOS,gene:plasmid:21336,0,1,1,1
RPOS,gene:plasmid:21842,0,0,1,1
RPOS,gene:plasmid:21842,0,1,0,5
RPOS,gene:plasmid:21843,0,1,0,2
RPOS,gene:plasmid:21843,0,1,1,1
RPOS,gene:plasmid:88431,0,1,0,1
RPOS,gene:plasmid:88432,0,1,0,1
RPOS,gene:plasmid:88433,0,1,0,1
SAT,gene:plasmid:135617,0,1,0,1
SAT,gene:plasmid:15664,0,1,0,1
SHV,gene:plasmid:16026,0,0,1,3
SHV,gene:plasmid:16026,0,1,0,5
SHV,gene:plasmid:16027,0,0,1,3
SHV,gene:plasmid:16027,0,1,0,5
SHV,gene:plasmid:16028,0,0,1,1
SHV,gene:plasmid:16028,0,1,0,4
SHV,gene:plasmid:16029,0,0,1,1
SHV,gene:plasmid:16029,0,1,0,4
SHV,gene:plasmid:16031,0,0,1,3
SHV,gene:plasmid:16031,0,1,0,5
SHV,gene:plasmid:16032,0,0,1,3
SHV,gene:plasmid:16032,0,1,0,5
SHV,gene:plasmid:83772,0,1,0,1
SHV,gene:plasmid:83812,0,1,0,1
SHV,gene:plasmid:92146,0,0,1,2
SHV,gene:plasmid:92146,0,1,0,1
SHV,gene:plasmid:92147,0,0,1,3
SHV,gene:plasmid:92147,0,1,0,1
SILA,gene:plasmid:147496,0,1,0,1
SILA,gene:plasmid:155964,0,0,1,1
SILA,gene:plasmid:93486,0,1,0,1
SILB,gene:plasmid:147495,0,1,0,1
SILB,gene:plasmid:153905,0,1,0,1
SILB,gene:plasmid:153906,0,1,0,1
SILB,gene:plasmid:93486,0,0,1,1
SILC,gene:plasmid:121554,0,1,1,1
SILC,gene:plasmid:135994,0,0,1,1
SILC,gene:plasmid:136001,0,0,1,1
SILC,gene:plasmid:139613,0,0,1,1
SILC,gene:plasmid:139642,0,1,0,1
SILC,gene:plasmid:139674,0,0,1,3
SILC,gene:plasmid:147172,0,1,0,1
SILC,gene:plasmid:147498,0,0,1,1
SILC,gene:plasmid:147501,0,1,0,1
SILC,gene:plasmid:153900,0,1,0,2
SILC,gene:plasmid:153901,0,1,0,2
SILC,gene:plasmid:153902,0,1,0,2
SILC,gene:plasmid:153903,0,0,1,1
SILC,gene:plasmid:153905,0,0,1,1
SILC,gene:plasmid:153906,0,0,1,3
SILC,gene:plasmid:153906,0,1,0,2
SILC,gene:plasmid:153906,0,1,1,2
SILC,gene:plasmid:153907,0,1,0,1
SILC,gene:plasmid:153908,0,0,1,1
SILC,gene:plasmid:153909,0,0,1,1
SILC,gene:plasmid:153913,0,0,1,1
SILC,gene:plasmid:153914,0,0,1,1
SILC,gene:plasmid:153926,0,0,1,1
SILC,gene:plasmid:153927,0,0,1,1
SILC,gene:plasmid:154026,0,1,0,2
SILC,gene:plasmid:154099,0,1,0,1
SILC,gene:plasmid:154100,0,1,0,1
SILC,gene:plasmid:154101,0,1,0,1
SILC,gene:plasmid:154102,0,1,0,2
SILC,gene:plasmid:155952,0,0,1,1
SILC,gene:plasmid:155952,0,1,1,1
SILC,gene:plasmid:155964,0,0,1,2
SILC,gene:plasmid:155964,0,1,0,5
SILC,gene:plasmid:155964,0,1,1,2
SILC,gene:plasmid:155972,0,0,1,1
SILC,gene:plasmid:155972,0,1,0,1
SILC,gene:plasmid:156035,0,1,1,1
SILC,gene:plasmid:156053,0,0,1,1
SILC,gene:plasmid:156084,0,1,0,3
SILC,gene:plasmid:156110,0,0,1,1
SILC,gene:plasmid:156110,0,1,0,1
SILC,gene:plasmid:156119,0,1,1,1
SILC,gene:plasmid:156123,0,0,1,1
SILC,gene:plasmid:156134,0,1,1,1
SILC,gene:plasmid:156145,0,0,1,1
SILC,gene:plasmid:156145,0,1,1,1
SILC,gene:plasmid:156176,0,0,1,2
SILC,gene:plasmid:156176,0,1,0,2
SILC,gene:plasmid:158895,0,0,1,1
SILC,gene:plasmid:158896,0,0,1,1
SILC,gene:plasmid:15988,0,0,1,1
SILC,gene:plasmid:31083,0,1,0,1
SILC,gene:plasmid:88298,0,1,0,1
SILC,gene:plasmid:88299,0,1,0,1
SILC,gene:plasmid:88302,0,1,0,1
SILC,gene:plasmid:88303,0,1,0,1
SILC,gene:plasmid:88308,0,1,0,1
SILC,gene:plasmid:88312,0,0,1,2
SILC,gene:plasmid:88313,0,1,0,2
SILC,gene:plasmid:88313,0,1,1,1
SILC,gene:plasmid:88314,0,0,1,1
SILC,gene:plasmid:88314,0,1,0,1
SILC,gene:plasmid:88334,0,0,1,1
SILC,gene:plasmid:88353,0,1,0,1
SILC,gene:plasmid:88354,0,1,0,1
SILC,gene:plasmid:88358,0,1,0,1
SILC,gene:plasmid:88359,0,1,0,1
SILC,gene:plasmid:88435,0,0,1,1
SILC,gene:plasmid:88436,0,0,1,1
SILC,gene:plasmid:88437,0,0,1,1
SILC,gene:plasmid:88447,0,1,0,1
SILC,gene:plasmid:88458,0,1,0,1
SILC,gene:plasmid:88459,0,0,1,1
SILC,gene:plasmid:88459,0,1,0,1
SILC,gene:plasmid:88459,0,1,1,1
SILC,gene:plasmid:88460,0,1,0,1
SILC,gene:plasmid:88461,0,1,0,1
SILC,gene:plasmid:88461,0,1,1,1
SILC,gene:plasmid:88462,0,1,0,1
SILC,gene:plasmid:88462,0,1,1,1
SILC,gene:plasmid:88463,0,1,0,1
SILC,gene:plasmid:88464,0,1,0,1
SILC,gene:plasmid:88465,0,1,0,1
SILC,gene:plasmid:88466,0,1,0,1
SILC,gene:plasmid:88472,0,1,0,2
SILC,gene:plasmid:88473,0,1,0,2
SILC,gene:plasmid:88474,0,1,0,1
SILC,gene:plasmid:88475,0,1,0,2
SILC,gene:plasmid:88476,0,1,0,1
SILC,gene:plasmid:88824,0,1,1,1
SILC,gene:plasmid:91743,0,0,1,1
SILC,gene:plasmid:91763,0,0,1,1
SILC,gene:plasmid:91925,0,0,1,1
SILC,gene:plasmid:91980,0,0,1,1
SILC,gene:plasmid:92044,0,0,1,1
SILC,gene:plasmid:92045,0,0,1,1
SILC,gene:plasmid:92088,0,1,0,1
SILC,gene:plasmid:92141,0,0,1,1
SILE,gene:plasmid:139674,0,1,0,2
SILE,gene:plasmid:153900,0,1,0,2
SILE,gene:plasmid:153901,0,1,0,2
SILE,gene:plasmid:153902,0,1,0,1
SILE,gene:plasmid:153903,0,0,1,1
SILE,gene:plasmid:153903,0,1,0,2
SILE,gene:plasmid:154099,0,1,0,1
SILE,gene:plasmid:154100,0,1,0,1
SILE,gene:plasmid:154101,0,1,0,1
SILE,gene:plasmid:154102,0,1,0,1
SILE,gene:plasmid:156119,0,1,0,1
SILE,gene:plasmid:156145,0,1,0,1
SILE,gene:plasmid:158895,0,1,0,2
SILE,gene:plasmid:158896,0,1,0,2
SILE,gene:plasmid:15990,0,1,0,1
SILE,gene:plasmid:91742,0,1,0,1
SILE,gene:plasmid:91743,0,1,0,1
SILE,gene:plasmid:92044,0,1,0,2
SILE,gene:plasmid:92045,0,1,0,1
SILF,gene:plasmid:153906,0,1,0,1
SILF,gene:plasmid:155964,0,1,0,1
SILP,gene:plasmid:134726,0,1,0,1
SILP,gene:plasmid:139674,0,1,0,2
SILP,gene:plasmid:147498,0,1,0,1
SILP,gene:plasmid:153901,0,0,1,1
SILP,gene:plasmid:153902,0,0,1,1
SILP,gene:plasmid:153903,0,0,1,3
SILP,gene:plasmid:153903,0,1,0,2
SILP,gene:plasmid:153903,1,0,0,2
SILP,gene:plasmid:153903,1,1,0,1
SILP,gene:plasmid:153905,0,1,0,1
SILP,gene:plasmid:153905,1,0,0,2
SILP,gene:plasmid:153906,0,0,1,1
SILP,gene:plasmid:153906,0,1,0,3
SILP,gene:plasmid:153906,1,0,0,1
SILP,gene:plasmid:153906,1,0,1,1
SILP,gene:plasmid:153907,0,1,0,1
SILP,gene:plasmid:153907,1,0,0,2
SILP,gene:plasmid:154026,0,1,0,1
SILP,gene:plasmid:154064,0,1,0,1
SILP,gene:plasmid:154099,0,0,1,1
SILP,gene:plasmid:154100,0,0,1,1
SILP,gene:plasmid:155925,0,1,0,1
SILP,gene:plasmid:155943,0,1,0,1
SILP,gene:plasmid:155964,0,0,1,1
SILP,gene:plasmid:155964,0,1,0,5
SILP,gene:plasmid:156084,0,1,0,1
SILP,gene:plasmid:156110,0,1,0,2
SILP,gene:plasmid:156119,0,1,0,2
SILP,gene:plasmid:156123,0,1,0,2
SILP,gene:plasmid:156134,0,1,0,1
SILP,gene:plasmid:156145,0,1,0,2
SILP,gene:plasmid:156176,0,1,0,2
SILP,gene:plasmid:15825,0,1,0,1
SILP,gene:plasmid:158895,0,1,0,1
SILP,gene:plasmid:15988,0,1,0,1
SILP,gene:plasmid:83606,0,1,0,1
SILP,gene:plasmid:84591,0,1,0,1
SILP,gene:plasmid:84603,0,1,0,1
SILP,gene:plasmid:88316,0,0,1,1
SILP,gene:plasmid:88330,0,1,0,2
SILP,gene:plasmid:88331,0,1,0,2
SILP,gene:plasmid:88334,0,1,0,1
SILP,gene:plasmid:88336,0,1,0,2
SILP,gene:plasmid:88337,0,1,0,2
SILP,gene:plasmid:88338,0,1,0,1
SILP,gene:plasmid:88339,0,1,0,1
SILP,gene:plasmid:88340,0,1,0,1
SILP,gene:plasmid:88409,0,1,0,1
SILP,gene:plasmid:88435,0,1,0,1
SILP,gene:plasmid:88436,0,1,0,1
SILP,gene:plasmid:88437,0,1,0,1
SILP,gene:plasmid:88464,0,1,0,1
SILP,gene:plasmid:88465,0,1,0,1
SILP,gene:plasmid:91743,0,1,0,1
SILP,gene:plasmid:91980,0,1,0,1
SILP,gene:plasmid:92044,0,1,0,1
SILP,gene:plasmid:92045,0,1,0,1
SILP,gene:plasmid:92139,0,1,0,1
SILS,gene:plasmid:139674,0,1,0,2
SILS,gene:plasmid:155925,0,1,0,1
SITABCD,gene:plasmid:123291,0,0,1,2
SITABCD,gene:plasmid:123291,0,1,0,4
SITABCD,gene:plasmid:123291,1,0,0,1
SITABCD,gene:plasmid:123292,0,0,1,2
SITABCD,gene:plasmid:123292,0,1,0,3
SITABCD,gene:plasmid:123292,1,0,0,1
SITABCD,gene:plasmid:123293,0,0,1,2
SITABCD,gene:plasmid:123293,0,1,0,3
SITABCD,gene:plasmid:123293,1,0,0,1
SITABCD,gene:plasmid:123294,0,0,1,2
SITABCD,gene:plasmid:123294,0,1,0,2
SITABCD,gene:plasmid:123294,1,0,0,1
SITABCD,gene:plasmid:123295,0,0,1,2
SITABCD,gene:plasmid:123295,0,1,0,3
SITABCD,gene:plasmid:123295,1,0,0,1
SITABCD,gene:plasmid:123306,0,0,1,1
SITABCD,gene:plasmid:123314,0,0,1,2
SITABCD,gene:plasmid:123314,0,1,0,3
SITABCD,gene:plasmid:123314,1,0,0,1
SITABCD,gene:plasmid:123315,0,1,0,2
SITABCD,gene:plasmid:123316,0,0,1,2
SITABCD,gene:plasmid:123316,0,1,0,3
SITABCD,gene:plasmid:123316,1,0,0,1
SITABCD,gene:plasmid:123317,0,0,1,2
SITABCD,gene:plasmid:123317,0,1,0,2
SITABCD,gene:plasmid:123317,1,0,0,1
SITABCD,gene:plasmid:123318,0,0,1,2
SITABCD,gene:plasmid:123318,0,1,0,3
SITABCD,gene:plasmid:123318,1,0,0,1
SITABCD,gene:plasmid:123319,0,0,1,2
SITABCD,gene:plasmid:123319,0,1,0,3
SITABCD,gene:plasmid:123319,1,0,0,1
SITABCD,gene:plasmid:16044,0,0,1,1
SITABCD,gene:plasmid:16046,0,0,1,1
SITABCD,gene:plasmid:16046,0,1,0,1
SITABCD,gene:plasmid:16046,0,1,1,1
SITABCD,gene:plasmid:16047,0,0,1,2
SITABCD,gene:plasmid:16047,0,1,0,1
SITABCD,gene:plasmid:27818,0,0,1,1
SITABCD,gene:plasmid:93448,0,0,1,1
SMDA,gene:plasmid:130030,0,1,0,1
SMDA,gene:plasmid:24609,0,1,0,2
SMVA,gene:plasmid:149414,0,1,0,1
SODA,gene:plasmid:119871,0,1,0,2
SODA,gene:plasmid:16162,0,0,1,1
SODA,gene:plasmid:84585,0,0,1,1
SODB,gene:plasmid:154014,0,0,1,1
SODB,gene:plasmid:155982,0,0,1,2
SODB,gene:plasmid:156169,0,0,1,2
SOXRB,gene:plasmid:109300,0,1,0,1
SOXRB,gene:plasmid:117440,0,0,1,1
SOXRB,gene:plasmid:123300,0,0,1,1
SOXRB,gene:plasmid:155982,0,0,1,1
SOXRB,gene:plasmid:156169,0,0,1,1
SUGE,gene:plasmid:109300,0,0,1,7
SUGE,gene:plasmid:109300,0,1,0,5
SUGE,gene:plasmid:109300,0,1,1,3
SUGE,gene:plasmid:109300,1,0,0,1
SUGE,gene:plasmid:117440,0,1,0,1
SUGE,gene:plasmid:155982,0,1,0,1
SUGE,gene:plasmid:156169,0,1,0,1
SUGE,gene:plasmid:88431,0,1,0,1
SUGE,gene:plasmid:88432,0,1,0,1
SUGE,gene:plasmid:88433,0,1,0,1
SULI,gene:plasmid:158595,0,0,1,1
SULI,gene:plasmid:87421,0,0,1,1
SULII,gene:plasmid:114186,0,1,0,1
SULII,gene:plasmid:117715,0,1,0,1
SULII,gene:plasmid:117738,0,1,0,1
SULII,gene:plasmid:117739,0,1,0,1
SULII,gene:plasmid:117740,0,1,0,1
SULII,gene:plasmid:117818,0,1,0,1
SULII,gene:plasmid:117823,0,1,0,1
SULII,gene:plasmid:121397,0,1,0,1
SULII,gene:plasmid:121398,0,1,0,1
SULII,gene:plasmid:121399,0,1,0,1
SULII,gene:plasmid:121400,0,1,0,1
SULII,gene:plasmid:121401,0,1,0,1
SULII,gene:plasmid:121403,0,1,0,1
SULII,gene:plasmid:121404,0,1,0,1
SULII,gene:plasmid:121405,0,1,0,1
SULII,gene:plasmid:121406,0,1,0,1
SULII,gene:plasmid:121408,0,1,0,1
SULII,gene:plasmid:121409,0,1,0,1
SULII,gene:plasmid:121489,0,1,0,1
SULII,gene:plasmid:121495,0,1,0,1
SULII,gene:plasmid:121496,0,1,0,1
SULII,gene:plasmid:121498,0,1,0,1
SULII,gene:plasmid:121499,0,1,0,1
SULII,gene:plasmid:121500,0,1,0,1
SULII,gene:plasmid:121505,0,1,0,1
SULII,gene:plasmid:121506,0,1,0,1
SULII,gene:plasmid:121508,0,1,0,1
SULII,gene:plasmid:121510,0,1,0,1
SULII,gene:plasmid:121523,0,1,0,1
SULII,gene:plasmid:121554,0,1,0,1
SULII,gene:plasmid:121555,0,1,0,1
SULII,gene:plasmid:121556,0,1,0,1
SULII,gene:plasmid:121557,0,1,0,1
SULII,gene:plasmid:121558,0,1,0,1
SULII,gene:plasmid:121559,0,1,0,1
SULII,gene:plasmid:121560,0,1,0,1
SULII,gene:plasmid:121561,0,1,0,1
SULII,gene:plasmid:121562,0,1,0,1
SULII,gene:plasmid:121564,0,1,0,1
SULII,gene:plasmid:121577,0,1,0,1
SULII,gene:plasmid:121578,0,1,0,1
SULII,gene:plasmid:121579,0,1,0,1
SULII,gene:plasmid:121580,0,1,0,1
SULII,gene:plasmid:121582,0,1,0,1
SULII,gene:plasmid:121583,0,1,0,1
SULII,gene:plasmid:121584,0,1,0,1
SULII,gene:plasmid:121585,0,1,0,1
SULII,gene:plasmid:121892,0,1,0,1
SULII,gene:plasmid:130001,0,0,1,1
SULII,gene:plasmid:130003,0,0,1,1
SULII,gene:plasmid:130008,0,0,1,1
SULII,gene:plasmid:135202,0,0,1,1
SULII,gene:plasmid:135202,0,1,1,1
SULII,gene:plasmid:140955,0,0,1,1
SULII,gene:plasmid:140955,0,1,0,2
SULII,gene:plasmid:141250,0,0,1,1
SULII,gene:plasmid:148218,0,1,0,1
SULII,gene:plasmid:157659,0,0,1,1
SULII,gene:plasmid:157713,0,1,0,1
SULII,gene:plasmid:158874,0,1,0,1
SULII,gene:plasmid:158916,0,0,1,2
SULII,gene:plasmid:158916,0,1,0,1
SULII,gene:plasmid:158916,1,0,1,1
SULII,gene:plasmid:19406,0,1,0,1
SULII,gene:plasmid:19408,0,1,0,1
SULII,gene:plasmid:19409,0,1,0,1
SULII,gene:plasmid:19728,0,1,0,1
SULII,gene:plasmid:19743,0,0,1,1
SULII,gene:plasmid:19743,1,0,1,1
SULII,gene:plasmid:19744,0,0,1,1
SULII,gene:plasmid:24263,0,0,1,1
SULII,gene:plasmid:24263,0,1,0,1
SULII,gene:plasmid:24743,0,1,0,1
SULII,gene:plasmid:30134,0,0,1,1
SULIII,gene:plasmid:117750,0,1,1,1
SULIII,gene:plasmid:117769,0,1,1,1
SULIII,gene:plasmid:117835,0,1,1,1
TEM,gene:plasmid:119647,0,1,1,1
TEM,gene:plasmid:119649,0,0,1,1
TEM,gene:plasmid:119649,0,1,1,1
TEM,gene:plasmid:123182,0,0,1,2
TEM,gene:plasmid:123182,0,1,1,1
TEM,gene:plasmid:123312,0,0,1,1
TEM,gene:plasmid:139598,0,0,1,1
TEM,gene:plasmid:139599,0,0,1,1
TEM,gene:plasmid:139599,0,1,0,1
TEM,gene:plasmid:139605,0,1,0,1
TEM,gene:plasmid:148146,0,0,1,2
TEM,gene:plasmid:148146,0,1,0,1
TEM,gene:plasmid:148147,0,0,1,1
TEM,gene:plasmid:148149,0,0,1,2
TEM,gene:plasmid:148219,0,1,0,1
TEM,gene:plasmid:158872,0,0,1,1
TEM,gene:plasmid:158872,0,1,0,1
TEM,gene:plasmid:15978,0,0,1,2
TEM,gene:plasmid:15979,0,0,1,1
TEM,gene:plasmid:15979,0,1,1,1
TEM,gene:plasmid:15980,0,1,0,1
TEM,gene:plasmid:15988,0,1,0,1
TEM,gene:plasmid:19383,1,0,0,1
TEM,gene:plasmid:19387,1,0,0,1
TEM,gene:plasmid:19403,0,1,0,1
TEM,gene:plasmid:19404,0,1,0,1
TEM,gene:plasmid:19727,0,1,0,1
TEM,gene:plasmid:19728,0,1,1,1
TEM,gene:plasmid:19729,0,1,0,1
TEM,gene:plasmid:19732,0,0,1,1
TEM,gene:plasmid:84461,0,1,0,1
TEM,gene:plasmid:84548,0,0,1,1
TEM,gene:plasmid:84549,0,0,1,1
TEM,gene:plasmid:84599,0,0,1,1
TEM,gene:plasmid:91743,0,1,0,1
TEM,gene:plasmid:91745,0,1,0,1
TEM,gene:plasmid:91746,0,1,0,1
TEM,gene:plasmid:91747,0,1,0,1
TEM,gene:plasmid:91748,0,1,0,1
TEM,gene:plasmid:91749,0,1,0,1
TEM,gene:plasmid:91750,0,1,0,1
TERB,gene:plasmid:155919,0,1,0,4
TERB,gene:plasmid:155929,0,1,0,4
TERB,gene:plasmid:155947,0,1,0,5
TERB,gene:plasmid:155951,0,1,0,3
TERB,gene:plasmid:155957,0,1,0,1
TERB,gene:plasmid:155959,0,1,0,1
TERB,gene:plasmid:155985,0,1,0,1
TERB,gene:plasmid:155987,0,1,0,4
TERB,gene:plasmid:156009,0,1,0,3
TERB,gene:plasmid:156020,0,1,0,3
TERB,gene:plasmid:156022,0,1,0,3
TERB,gene:plasmid:156023,0,1,0,3
TERB,gene:plasmid:156025,0,1,0,4
TERB,gene:plasmid:156032,0,1,0,1
TERB,gene:plasmid:156038,0,1,0,4
TERB,gene:plasmid:156047,0,1,0,1
TERB,gene:plasmid:156050,0,1,0,1
TERB,gene:plasmid:156075,0,1,0,1
TERB,gene:plasmid:156077,0,1,0,1
TERB,gene:plasmid:156115,0,1,0,1
TERB,gene:plasmid:156120,0,1,0,4
TERB,gene:plasmid:156124,0,1,0,4
TERB,gene:plasmid:156136,0,1,0,3
TERB,gene:plasmid:156155,0,1,0,3
TERB,gene:plasmid:156156,0,1,0,4
TERB,gene:plasmid:156157,0,1,0,4
TERB,gene:plasmid:156161,0,1,0,4
TERB,gene:plasmid:24194,0,1,0,1
TERB,gene:plasmid:24195,0,1,0,1
TERB,gene:plasmid:24202,0,1,0,1
TERB,gene:plasmid:24634,0,1,0,1
TERB,gene:plasmid:24637,0,1,0,1
TERB,gene:plasmid:24639,0,1,0,1
TERD,gene:plasmid:155919,0,1,0,1
TERW,gene:plasmid:117704,0,1,0,1
TERW,gene:plasmid:117783,0,1,0,1
TERW,gene:plasmid:153861,0,1,0,1
TERW,gene:plasmid:153862,0,1,0,1
TERW,gene:plasmid:153863,0,0,1,1
TERW,gene:plasmid:153863,0,1,0,1
TERW,gene:plasmid:153864,0,0,1,1
TERW,gene:plasmid:153864,0,1,0,1
TERW,gene:plasmid:153865,0,0,1,1
TERW,gene:plasmid:153865,0,1,0,1
TERW,gene:plasmid:153866,0,0,1,1
TERW,gene:plasmid:153867,0,1,0,1
TERW,gene:plasmid:153868,0,1,0,1
TERW,gene:plasmid:154074,0,1,0,1
TERW,gene:plasmid:154075,0,1,0,1
TERW,gene:plasmid:154076,0,1,0,1
TERW,gene:plasmid:154077,0,1,0,1
TERW,gene:plasmid:154078,0,1,0,1
TERW,gene:plasmid:154080,0,0,1,1
TERW,gene:plasmid:154080,0,1,0,2
TERW,gene:plasmid:154081,0,0,1,1
TERW,gene:plasmid:154081,0,1,0,2
TERW,gene:plasmid:154082,0,1,0,2
TERW,gene:plasmid:154083,0,1,0,1
TERW,gene:plasmid:24099,0,1,0,1
TERW,gene:plasmid:24100,0,1,0,1
TERW,gene:plasmid:24101,0,1,0,1
TERW,gene:plasmid:24102,0,1,0,1
TERW,gene:plasmid:24229,0,1,0,1
TERW,gene:plasmid:24230,0,1,0,1
TERW,gene:plasmid:24231,0,1,0,1
TERW,gene:plasmid:24232,0,1,0,1
TERW,gene:plasmid:24233,0,1,0,1
TERW,gene:plasmid:24236,0,1,0,1
TERW,gene:plasmid:24237,0,1,0,1
TERW,gene:plasmid:24240,0,1,0,1
TERW,gene:plasmid:24243,0,1,0,1
TERW,gene:plasmid:24290,0,1,0,1
TERW,gene:plasmid:24295,0,1,0,1
TERW,gene:plasmid:24300,0,1,0,1
TERW,gene:plasmid:24302,0,1,0,1
TERW,gene:plasmid:24309,0,1,0,1
TERW,gene:plasmid:24529,0,1,0,1
TERW,gene:plasmid:24530,0,1,0,1
TERW,gene:plasmid:24532,0,1,0,1
TERW,gene:plasmid:24534,0,1,0,1
TERW,gene:plasmid:24555,0,1,0,1
TERW,gene:plasmid:24562,0,1,0,1
TERW,gene:plasmid:24564,0,1,0,1
TERW,gene:plasmid:24565,0,1,0,1
TERW,gene:plasmid:24568,0,1,0,1
TERW,gene:plasmid:24579,0,1,0,1
TERW,gene:plasmid:24580,0,1,0,1
TERW,gene:plasmid:24581,0,1,0,1
TERW,gene:plasmid:24583,0,1,0,1
TERW,gene:plasmid:24584,0,1,0,1
TERW,gene:plasmid:24587,0,1,0,1
TERW,gene:plasmid:24591,0,1,0,1
TERW,gene:plasmid:24594,0,1,0,1
TERW,gene:plasmid:24620,0,1,0,1
TERZ,gene:plasmid:153867,0,0,1,1
TERZ,gene:plasmid:154074,0,0,1,1
TET40,gene:plasmid:147544,0,1,0,2
TET40,gene:plasmid:97786,0,1,0,1
TETA,gene:plasmid:119667,0,1,0,1
TETA,gene:plasmid:119671,0,1,0,1
TETA,gene:plasmid:121416,0,1,0,1
TETA,gene:plasmid:121436,0,1,0,1
TETA,gene:plasmid:121439,0,1,0,1
TETA,gene:plasmid:123181,0,0,1,1
TETA,gene:plasmid:123181,0,1,0,1
TETA,gene:plasmid:123182,0,0,1,1
TETA,gene:plasmid:123182,0,1,0,1
TETA,gene:plasmid:123279,0,1,0,1
TETA,gene:plasmid:123298,0,1,0,1
TETA,gene:plasmid:123299,0,1,0,2
TETA,gene:plasmid:123300,0,1,0,1
TETA,gene:plasmid:123302,0,1,0,1
TETA,gene:plasmid:123303,0,1,0,1
TETA,gene:plasmid:123304,0,1,0,1
TETA,gene:plasmid:123305,0,1,0,2
TETA,gene:plasmid:123306,0,1,0,2
TETA,gene:plasmid:123307,0,1,0,2
TETA,gene:plasmid:123308,0,1,0,1
TETA,gene:plasmid:123309,0,1,0,2
TETA,gene:plasmid:123310,0,1,0,1
TETA,gene:plasmid:123311,0,1,0,1
TETA,gene:plasmid:123313,0,1,0,1
TETA,gene:plasmid:123334,0,1,0,1
TETA,gene:plasmid:123335,0,1,0,1
TETA,gene:plasmid:123336,0,1,0,1
TETA,gene:plasmid:123337,0,1,0,1
TETA,gene:plasmid:123338,0,1,0,1
TETA,gene:plasmid:123341,0,1,0,1
TETA,gene:plasmid:139605,0,1,0,1
TETA,gene:plasmid:148146,0,0,1,1
TETA,gene:plasmid:158835,0,0,1,1
TETA,gene:plasmid:16008,0,1,0,1
TETA,gene:plasmid:16009,0,1,0,1
TETA,gene:plasmid:19402,0,0,1,1
TETA,gene:plasmid:19403,0,0,1,1
TETA,gene:plasmid:19403,0,1,0,1
TETA,gene:plasmid:19413,0,1,0,1
TETA,gene:plasmid:24704,0,1,0,1
TETA,gene:plasmid:24705,0,1,0,1
TETA,gene:plasmid:24706,0,1,0,1
TETA,gene:plasmid:24707,0,1,0,1
TETA,gene:plasmid:24709,0,1,0,1
TETA,gene:plasmid:24710,0,1,0,1
TETA,gene:plasmid:84548,0,1,0,1
TETB,gene:plasmid:119653,0,1,1,1
TETB,gene:plasmid:119654,0,1,1,1
TETB,gene:plasmid:119655,0,1,1,1
TETB,gene:plasmid:119656,0,1,1,1
TETB,gene:plasmid:119657,0,1,1,1
TETB,gene:plasmid:119658,0,1,1,1
TETB,gene:plasmid:119659,0,1,1,1
TETB,gene:plasmid:119660,0,1,1,1
TETB,gene:plasmid:119661,0,1,1,1
TETB,gene:plasmid:119662,0,1,1,1
TETB,gene:plasmid:119757,0,0,1,1
TETB,gene:plasmid:123312,0,0,1,1
TETB,gene:plasmid:139631,0,0,1,1
TETB,gene:plasmid:139661,0,0,1,1
TETB,gene:plasmid:148219,0,0,1,1
TETB,gene:plasmid:148220,0,0,1,1
TETB,gene:plasmid:151296,0,0,1,1
TETB,gene:plasmid:84460,0,0,1,1
TETB,gene:plasmid:84461,0,0,1,1
TETD,gene:plasmid:109133,0,1,0,2
TETD,gene:plasmid:109134,0,1,0,1
TETD,gene:plasmid:136301,0,1,0,2
TETM,gene:plasmid:13101,0,1,0,1
TETM,gene:plasmid:15551,0,0,1,1
TETO,gene:plasmid:21336,0,0,1,1
TETQ,gene:plasmid:117290,1,0,0,3
TETQ,gene:plasmid:138875,0,0,1,1
TETQ,gene:plasmid:141421,0,0,1,1
TETQ,gene:plasmid:141421,0,1,0,1
TETQ,gene:plasmid:141422,0,1,0,1
TETQ,gene:plasmid:141423,0,1,0,1
TETQ,gene:plasmid:141424,0,1,0,1
TETQ,gene:plasmid:141425,0,1,0,1
TETQ,gene:plasmid:141426,0,1,0,1
TETQ,gene:plasmid:141427,0,1,0,1
TETQ,gene:plasmid:141428,0,1,0,1
TETQ,gene:plasmid:141429,0,1,0,1
TETQ,gene:plasmid:141431,0,1,0,1
TETQ,gene:plasmid:146529,0,0,1,1
TETW,gene:plasmid:145991,0,0,1,1
TETX,gene:plasmid:13200,1,0,1,1
TETX,gene:plasmid:13201,1,0,1,1
TETX,gene:plasmid:13202,1,0,1,1
TETX,gene:plasmid:133387,0,0,1,1
TETX,gene:plasmid:133390,0,0,1,1
TETX,gene:plasmid:133396,0,0,1,1
TETX,gene:plasmid:133397,0,0,1,1
TETX,gene:plasmid:133400,0,0,1,1
TETX,gene:plasmid:141421,0,0,1,1
TETX,gene:plasmid:141422,0,0,1,1
TETX,gene:plasmid:141425,0,0,1,1
TETX,gene:plasmid:141428,0,0,1,1
TETX,gene:plasmid:141431,0,0,1,1
TOLC,gene:plasmid:123257,0,0,1,2
TOLC,gene:plasmid:123257,0,1,0,2
UGD,gene:plasmid:155982,0,0,1,1
UGD,gene:plasmid:156169,0,0,1,1
VANC,gene:plasmid:20177,0,1,0,1
VANRA,gene:plasmid:139262,0,1,0,1
VANRA,gene:plasmid:139263,0,1,0,1
VANRA,gene:plasmid:139267,0,1,0,1
VANRA,gene:plasmid:146017,0,1,1,1
VANRA,gene:plasmid:146021,0,0,1,1
VANRA,gene:plasmid:146021,0,1,0,1
VANRA,gene:plasmid:156359,0,1,0,1
VANRA,gene:plasmid:156361,0,1,0,1
VANRA,gene:plasmid:28749,0,1,0,2
VANRA,gene:plasmid:28749,0,1,1,2
YBTP,gene:plasmid:155982,0,0,1,1
YBTP,gene:plasmid:155982,0,1,0,2
YBTP,gene:plasmid:156169,0,0,1,1
YBTP,gene:plasmid:156169,0,1,0,2
YBTP,gene:plasmid:20177,0,1,0,1
YBTP,gene:plasmid:88436,0,1,0,1
YGJH,gene:plasmid:117442,0,0,1,2
YGJH,gene:plasmid:121532,0,0,1,1
YGJH,gene:plasmid:123257,0,0,1,3
YGJH,gene:plasmid:123257,0,1,0,2
YJAA,gene:plasmid:109300,0,0,1,1
YJAA,gene:plasmid:109300,0,1,1,1
YJAA,gene:plasmid:157762,0,0,1,1
YJAA,gene:plasmid:16099,0,0,1,1
YJAA,gene:plasmid:84559,0,0,1,1
YJCG,gene:plasmid:133420,0,0,1,1
YJCG,gene:plasmid:154739,0,1,0,1
YJCG,gene:plasmid:23148,0,0,1,1
YODB,gene:plasmid:155982,0,1,0,1
YODB,gene:plasmid:156169,0,1,0,1
YOGI,gene:plasmid:21828,0,1,0,1
ZINT,gene:plasmid:155982,0,0,1,1
ZINT,gene:plasmid:155982,0,1,0,1
ZINT,gene:plasmid:156169,0,1,1,1
ZNTA,gene:plasmid:120162,0,0,1,1
ZNTA,gene:plasmid:120162,0,1,0,1
ZNTA,gene:plasmid:24694,0,1,0,1
ZNTR,gene:plasmid:151260,0,0,1,14
ZNTR,gene:plasmid:151260,0,1,0,12
ZNTR,gene:plasmid:151260,0,1,1,7
ZNTR,gene:plasmid:151260,1,0,0,1
ZNTR,gene:plasmid:151260,1,1,1,1
ZNUA,gene:plasmid:149415,0,1,0,2
ZNUA,gene:plasmid:153884,0,1,0,1
ZNUA,gene:plasmid:153887,0,1,0,1
ZNUA,gene:plasmid:157415,0,1,0,4
ZNUA,gene:plasmid:20177,0,1,0,1
ZNUA,gene:plasmid:21988,0,1,0,3
ZNUA,gene:plasmid:21989,0,1,0,1
ZNUA,gene:plasmid:89001,0,1,0,1
ZNUA,gene:plasmid:91800,0,1,0,1
ZNUA,gene:plasmid:91801,0,1,0,1
ZRAS,gene:plasmid:123887,0,0,1,2
ZRAS,gene:plasmid:123887,0,1,0,1
ZUPT,gene:plasmid:123257,0,1,0,1
ZUPT,gene:plasmid:123257,1,0,0,2
